document_id,message_id,filepath,parent
EMAIL-923,<email-923.202206270900@cascadetimber.com>,Data/Cascade_Timber_EML_Dataset/Custodians/Human_Resources/EMAIL-923_Close_file_Q2_2022.eml,
EMAIL-1184,<email-1184.202206281105@alderpointpartners.com>,Data/Cascade_Timber_EML_Dataset/Custodians/Marcus_Webb/EMAIL-1184_Mountain_Ridge_parcel_list_RM_5_distinct_IDs.eml,
EMAIL-679,<email-679.202206281320@bellhavenadvisory.com>,Data/Cascade_Timber_EML_Dataset/Custodians/Facilities/EMAIL-679_Buyer_inquiry_batch_timing_and_coverage.eml,EMAIL-250
EMAIL-826,<email-826.202207011335@bellhavenadvisory.com>,Data/Cascade_Timber_EML_Dataset/Custodians/Robert_Denniston/EMAIL-826_Broker_registration_baseline_states_of_coverage_pre_engageme.eml,EMAIL-796
EMAIL-996,<email-996.202207011150@cascadetimber.com>,Data/Cascade_Timber_EML_Dataset/Custodians/Marcus_Webb/EMAIL-996_Tax_position_note_Larsen_early_planning.eml,EMAIL-981
EMAIL-355,<email-355.202207030820@cascadetimber.com>,Data/Cascade_Timber_EML_Dataset/Custodians/Grace_Lin/EMAIL-355_Application_date_confirmation_NW_03.eml,
EMAIL-764,<email-764.202207040955@bellhavenadvisory.com>,Data/Cascade_Timber_EML_Dataset/Custodians/Brenda_Moss/EMAIL-764_Broker_coverage_inquiry_pre_engagement.eml,
EMAIL-1209,<email-1209.202207051345@alderpointpartners.com>,Data/Cascade_Timber_EML_Dataset/Custodians/Derek_Holt/EMAIL-1209_Mountain_Ridge_county_correction_RM_parcel_only.eml,EMAIL-1205
EMAIL-414,<email-414.202207050930@alderpointpartners.com>,Data/Cascade_Timber_EML_Dataset/Custodians/HR/EMAIL-414_KW_option_agreement_KW_02_dated_post_3_16_22.eml,EMAIL-413
EMAIL-346,<email-346.202207060810@alderpointpartners.com>,Data/Cascade_Timber_EML_Dataset/Custodians/Human_Resources/EMAIL-346_Survey_status_note_Klamath_candidates_pre_field.eml,
EMAIL-892,<email-892.202207061410@cascadetimber.com>,Data/Cascade_Timber_EML_Dataset/Custodians/Mia_Chen/EMAIL-892_Distribution_log_forwarding_record.eml,
EMAIL-1150,<email-1150.202207070915@alderpointpartners.com>,Data/Cascade_Timber_EML_Dataset/Custodians/Facilities/EMAIL-1150_Inter_company_file_coordination_Alder_routine.eml,
EMAIL-887,<email-887.202207071505@cascadetimber.com>,Data/Cascade_Timber_EML_Dataset/Custodians/IT_Notifications/EMAIL-887_Scenario_model_pipeline_options_early_ops.eml,EMAIL-882
EMAIL-1361,<email-1361.202207081035@cascadetimber.com>,Data/Cascade_Timber_EML_Dataset/Custodians/Marcus_Webb/EMAIL-1361_Conference_chatter.eml,
EMAIL-558,<email-558.202207101605@cascadetimber.com>,Data/Cascade_Timber_EML_Dataset/Custodians/Tom_Reyes/EMAIL-558_Escrow_statement_cash_proceeds_discounted.eml,
EMAIL-434,<email-434.202207111600@alderpointpartners.com>,Data/Cascade_Timber_EML_Dataset/Custodians/Sarah_Nguyen/EMAIL-434_KW_payment_ledger_Clearwater.eml,
EMAIL-501,<email-501.202207110940@cascadetimber.com>,Data/Cascade_Timber_EML_Dataset/Custodians/IT_Notifications/EMAIL-501_Provision_disclosure_draft_Larsen.eml,EMAIL-465
EMAIL-863,<email-863.202207121425@cascadetimber.com>,Data/Cascade_Timber_EML_Dataset/Custodians/Wendy_Park/EMAIL-863_Pipeline_outlook_placement_pacing_early.eml,
EMAIL-402,<email-402.202207131310@alderpointpartners.com>,Data/Cascade_Timber_EML_Dataset/Custodians/Jay_Whitfield/EMAIL-402_Clearwater_file_note_dates_log_no_conclusion.eml,
EMAIL-633,<email-633.202207131450@alderpointpartners.com>,Data/Cascade_Timber_EML_Dataset/Custodians/Human_Resources/EMAIL-633_Marketing_deck_v3_checklist_version_controlled.eml,EMAIL-592
EMAIL-1248,<email-1248.202207141305@bellhavenadvisory.com>,Data/Cascade_Timber_EML_Dataset/Custodians/Kevin_Tran/EMAIL-1248_Parking_facilities.eml,
EMAIL-1342,<email-1342.202207141600@cascadetimber.com>,Data/Cascade_Timber_EML_Dataset/Custodians/Wendy_Park/EMAIL-1342_Expense_travel.eml,EMAIL-1306
EMAIL-778,<email-778.202207140910@cascadetimber.com>,Data/Cascade_Timber_EML_Dataset/Custodians/IT_Notifications/EMAIL-778_Diligence_file_note_pre_engagement.eml,EMAIL-073
EMAIL-822,<email-822.202207140855@alderpointpartners.com>,Data/Cascade_Timber_EML_Dataset/Custodians/Nina_Alvarez/EMAIL-822_Diligence_file_note_pre_engagement.eml,EMAIL-178
EMAIL-937,<email-937.202207141645@cascadetimber.com>,Data/Cascade_Timber_EML_Dataset/Custodians/Grace_Lin/EMAIL-937_Tax_position_note_Larsen_early_planning.eml,EMAIL-188
EMAIL-1260,<email-1260.202207151410@cascadetimber.com>,Data/Cascade_Timber_EML_Dataset/Custodians/Elena_Marlowe/EMAIL-1260_Calendar_invite.eml,
EMAIL-591,<email-591.202207151140@alderpointpartners.com>,Data/Cascade_Timber_EML_Dataset/Custodians/Kevin_Tran/EMAIL-591_Buyer_diligence_request_buyer_lot_4.eml,
EMAIL-908,<email-908.202207150900@cascadetimber.com>,Data/Cascade_Timber_EML_Dataset/Custodians/HR/EMAIL-908_Close_file_Q2_2022.eml,
EMAIL-632,<email-632.202207161150@bellhavenadvisory.com>,Data/Cascade_Timber_EML_Dataset/Custodians/Robert_Denniston/EMAIL-632_Credit_certificate_delivery_buyer_lot_1.eml,EMAIL-604
EMAIL-481,<email-481.202207171030@cascadetimber.com>,Data/Cascade_Timber_EML_Dataset/Custodians/Brenda_Moss/EMAIL-481_GL_entry_placement_face_value.eml,
EMAIL-859,<email-859.202207181040@cascadetimber.com>,Data/Cascade_Timber_EML_Dataset/Custodians/Priya_Shah/EMAIL-859_Representation_reliance_file_034_035.eml,
EMAIL-1196,<email-1196.202207191510@alderpointpartners.com>,Data/Cascade_Timber_EML_Dataset/Custodians/Facilities/EMAIL-1196_Mountain_Ridge_parcel_list_RM_2_distinct_IDs.eml,
EMAIL-678,<email-678.202207191045@northforkef.com>,Data/Cascade_Timber_EML_Dataset/Custodians/Hannah_Cole/EMAIL-678_Buyer_diligence_request_buyer_lot_6.eml,
EMAIL-698,<email-698.202207191040@bluerivercap.com>,Data/Cascade_Timber_EML_Dataset/Custodians/A_Patel/EMAIL-698_Placement_template_draft_pre_broker.eml,
EMAIL-577,<email-577.202207201455@larsentaxadvisory.com>,Data/Cascade_Timber_EML_Dataset/Custodians/Priya_Shah/EMAIL-577_Provision_disclosure_draft_Larsen.eml,EMAIL-558
EMAIL-1146,<email-1146.202207230830@alderpointpartners.com>,Data/Cascade_Timber_EML_Dataset/Custodians/John_Ellery/EMAIL-1146_Inter_company_roles_note_routine.eml,EMAIL-095
EMAIL-791,<email-791.202207231505@cascadetimber.com>,Data/Cascade_Timber_EML_Dataset/Custodians/Brenda_Moss/EMAIL-791_Diligence_file_note_pre_engagement.eml,
EMAIL-982,<email-982.202207231140@cascadetimber.com>,Data/Cascade_Timber_EML_Dataset/Custodians/Elena_Marlowe/EMAIL-982_Close_file_Q3_2022_prep.eml,
EMAIL-527,<email-527.202207241035@cascadetimber.com>,Data/Cascade_Timber_EML_Dataset/Custodians/IT_Notifications/EMAIL-527_Audit_planning_note_interim_procedures_Moss_Lane.eml,EMAIL-532
EMAIL-815,<email-815.202207241415@alderpointpartners.com>,Data/Cascade_Timber_EML_Dataset/Custodians/Human_Resources/EMAIL-815_Diligence_file_note_pre_engagement.eml,
EMAIL-823,<email-823.202207241355@alderpointpartners.com>,Data/Cascade_Timber_EML_Dataset/Custodians/Wendy_Park/EMAIL-823_Broker_vetting_note_Bellhaven_pre_engagement.eml,
EMAIL-687,<email-687.202207250835@bluerivercap.com>,Data/Cascade_Timber_EML_Dataset/Custodians/Human_Resources/EMAIL-687_Co_marketing_follow_up.eml,
EMAIL-844,<email-844.202207250935@cascadetimber.com>,Data/Cascade_Timber_EML_Dataset/Custodians/HR/EMAIL-844_Representation_reliance_file_034_035.eml,
EMAIL-1389,<email-1389.202207260805@cascadetimber.com>,Data/Cascade_Timber_EML_Dataset/Custodians/Craig_Sato/EMAIL-1389_Parking_facilities.eml,EMAIL-1311
EMAIL-459,<email-459.202207270920@cascadetimber.com>,Data/Cascade_Timber_EML_Dataset/Custodians/Dan_Osei/EMAIL-459_Escrow_statement_cash_proceeds_discounted.eml,
EMAIL-570,<email-570.202207271330@larsentaxadvisory.com>,Data/Cascade_Timber_EML_Dataset/Custodians/Jay_Whitfield/EMAIL-570_Credit_certificate_NW_02.eml,EMAIL-533
EMAIL-1378,<email-1378.202207290915@bellhavenadvisory.com>,Data/Cascade_Timber_EML_Dataset/Custodians/Jay_Whitfield/EMAIL-1378_Fantasy_pool.eml,
EMAIL-360,<email-360.202207310910@alderpointpartners.com>,Data/Cascade_Timber_EML_Dataset/Custodians/A_Patel/EMAIL-360_Parcel_file_pull_southern_tracts_routine_pull.eml,EMAIL-175
EMAIL-820,<email-820.202207310805@alderpointpartners.com>,Data/Cascade_Timber_EML_Dataset/Custodians/Sarah_Nguyen/EMAIL-820_Broker_vetting_note_Bellhaven_pre_engagement.eml,
EMAIL-952,<email-952.202207311430@cascadetimber.com>,Data/Cascade_Timber_EML_Dataset/Custodians/Dana_Whitaker/EMAIL-952_Tax_position_note_Larsen_early_planning.eml,EMAIL-189
EMAIL-616,<email-616.202208011505@northforkef.com>,Data/Cascade_Timber_EML_Dataset/Custodians/Priya_Shah/EMAIL-616_Placement_template_draft_pre_broker.eml,
EMAIL-785,<email-785.202208011500@cascadetimber.com>,Data/Cascade_Timber_EML_Dataset/Custodians/Grace_Lin/EMAIL-785_Broker_coverage_inquiry_pre_engagement.eml,EMAIL-791
EMAIL-384,<email-384.202208031425@alderpointpartners.com>,Data/Cascade_Timber_EML_Dataset/Custodians/Frank_Delgado/EMAIL-384_Recorder_notice_parcel_number_cited_map_required.eml,
EMAIL-1004,<email-1004.202208041340@larsentaxadvisory.com>,Data/Cascade_Timber_EML_Dataset/Custodians/Derek_Holt/EMAIL-1004_Compliance_action_log_framework_follow_up.eml,EMAIL-914
EMAIL-340,<email-340.202208040840@greenacresurvey.com>,Data/Cascade_Timber_EML_Dataset/Custodians/Nina_Alvarez/EMAIL-340_County_easement_filing_NW_06.eml,EMAIL-039
EMAIL-893,<email-893.202208041415@cascadetimber.com>,Data/Cascade_Timber_EML_Dataset/Custodians/Frank_Delgado/EMAIL-893_Board_pack_Q2_2022.eml,
EMAIL-1192,<email-1192.202208051000@alderpointpartners.com>,Data/Cascade_Timber_EML_Dataset/Custodians/Tom_Reyes/EMAIL-1192_Mountain_Ridge_parcel_list_RM_1_distinct_IDs.eml,
EMAIL-1278,<email-1278.202208051435@alderpointpartners.com>,Data/Cascade_Timber_EML_Dataset/Custodians/Human_Resources/EMAIL-1278_Parking_facilities.eml,
EMAIL-827,<email-827.202208050920@bellhavenadvisory.com>,Data/Cascade_Timber_EML_Dataset/Custodians/HR/EMAIL-827_Broker_coverage_worksheet_pre_engagement_no_placements.eml,
EMAIL-306,<email-306.202208060910@alderpointpartners.com>,Data/Cascade_Timber_EML_Dataset/Custodians/Dan_Osei/EMAIL-306_Application_date_confirmation_NW_04.eml,
EMAIL-877,<email-877.202208081550@cascadetimber.com>,Data/Cascade_Timber_EML_Dataset/Custodians/Priya_Shah/EMAIL-877_Board_pack_Q2_2022.eml,EMAIL-842
EMAIL-1279,<email-1279.202208090900@cascadetimber.com>,Data/Cascade_Timber_EML_Dataset/Custodians/John_Ellery/EMAIL-1279_Duplicate_v4.eml,
EMAIL-843,<email-843.202208100945@cascadetimber.com>,Data/Cascade_Timber_EML_Dataset/Custodians/IT_Notifications/EMAIL-843_Pipeline_outlook_placement_pacing_early.eml,
EMAIL-755,<email-755.202208111030@cascadetimber.com>,Data/Cascade_Timber_EML_Dataset/Custodians/Robert_Denniston/EMAIL-755_Broker_vetting_note_Bellhaven_pre_engagement.eml,
EMAIL-808,<email-808.202208121150@alderpointpartners.com>,Data/Cascade_Timber_EML_Dataset/Custodians/IT_Notifications/EMAIL-808_Broker_coverage_worksheet_pre_engagement_no_placements.eml,
EMAIL-606,<email-606.202208130955@alderpointpartners.com>,Data/Cascade_Timber_EML_Dataset/Custodians/Human_Resources/EMAIL-606_Placement_template_draft_pre_broker.eml,
EMAIL-354,<email-354.202208140955@alderpointpartners.com>,Data/Cascade_Timber_EML_Dataset/Custodians/HR/EMAIL-354_Recorder_notice_parcel_number_cited_map_required.eml,EMAIL-376
EMAIL-1151,<email-1151.202208161320@alderpointpartners.com>,Data/Cascade_Timber_EML_Dataset/Custodians/Grace_Lin/EMAIL-1151_File_access_note_Alder_coordination_routine.eml,EMAIL-233
EMAIL-1347,<email-1347.202208160910@cascadetimber.com>,Data/Cascade_Timber_EML_Dataset/Custodians/Wendy_Park/EMAIL-1347_Expense_travel.eml,
EMAIL-419,<email-419.202208161555@alderpointpartners.com>,Data/Cascade_Timber_EML_Dataset/Custodians/HR/EMAIL-419_Clearwater_file_status_note_interim.eml,
EMAIL-1273,<email-1273.202208171530@bellhavenadvisory.com>,Data/Cascade_Timber_EML_Dataset/Custodians/Derek_Holt/EMAIL-1273_HR_broadcast.eml,
EMAIL-401,<email-401.202208171630@alderpointpartners.com>,Data/Cascade_Timber_EML_Dataset/Custodians/Brenda_Moss/EMAIL-401_KW_payment_ledger_Clearwater.eml,
EMAIL-429,<email-429.202208171145@alderpointpartners.com>,Data/Cascade_Timber_EML_Dataset/Custodians/Wendy_Park/EMAIL-429_KW_payment_ledger_Clearwater.eml,
EMAIL-617,<email-617.202208181650@bluerivercap.com>,Data/Cascade_Timber_EML_Dataset/Custodians/Dana_Whitaker/EMAIL-617_Co_marketing_follow_up.eml,EMAIL-633
EMAIL-625,<email-625.202208181140@cascadetimber.com>,Data/Cascade_Timber_EML_Dataset/Custodians/Robert_Denniston/EMAIL-625_Credit_certificate_delivery_buyer_lot_3.eml,EMAIL-250
EMAIL-862,<email-862.202208201630@cascadetimber.com>,Data/Cascade_Timber_EML_Dataset/Custodians/Craig_Sato/EMAIL-862_Board_pack_Q3_2022_prep.eml,EMAIL-844
EMAIL-1354,<email-1354.202208211045@cascadetimber.com>,Data/Cascade_Timber_EML_Dataset/Custodians/Elena_Marlowe/EMAIL-1354_Conference_chatter.eml,EMAIL-247
EMAIL-920,<email-920.202208210925@cascadetimber.com>,Data/Cascade_Timber_EML_Dataset/Custodians/Nina_Alvarez/EMAIL-920_Quarterly_pack_compliance_section_no_entries.eml,
EMAIL-986,<email-986.202208211315@cascadetimber.com>,Data/Cascade_Timber_EML_Dataset/Custodians/Kevin_Tran/EMAIL-986_Close_file_Q1_2022.eml,EMAIL-189
EMAIL-1152,<email-1152.202208230930@alderpointpartners.com>,Data/Cascade_Timber_EML_Dataset/Custodians/Jay_Whitfield/EMAIL-1152_Inter_company_file_coordination_Alder_routine.eml,
EMAIL-648,<email-648.202208231505@cppension.org>,Data/Cascade_Timber_EML_Dataset/Custodians/Hannah_Cole/EMAIL-648_Buyer_inquiry_batch_timing_and_coverage.eml,
EMAIL-389,<email-389.202208250815@alderpointpartners.com>,Data/Cascade_Timber_EML_Dataset/Custodians/Priya_Shah/EMAIL-389_Parcel_file_pull_southern_tracts_routine_pull.eml,
EMAIL-502,<email-502.202208251330@larsentaxadvisory.com>,Data/Cascade_Timber_EML_Dataset/Custodians/Dana_Whitaker/EMAIL-502_Parcel_credit_build_NW_01_face.eml,EMAIL-554
EMAIL-1164,<email-1164.202208261035@alderpointpartners.com>,Data/Cascade_Timber_EML_Dataset/Custodians/Hannah_Cole/EMAIL-1164_Inter_company_file_coordination_Alder_routine.eml,
EMAIL-1321,<email-1321.202208261325@alderpointpartners.com>,Data/Cascade_Timber_EML_Dataset/Custodians/A_Patel/EMAIL-1321_Expense_travel.eml,EMAIL-1275
EMAIL-511,<email-511.202208261410@larsentaxadvisory.com>,Data/Cascade_Timber_EML_Dataset/Custodians/Elena_Marlowe/EMAIL-511_Audit_planning_note_interim_procedures_Moss_Lane.eml,
EMAIL-586,<email-586.202208261440@larsentaxadvisory.com>,Data/Cascade_Timber_EML_Dataset/Custodians/Tom_Reyes/EMAIL-586_Provision_disclosure_draft_Larsen.eml,EMAIL-554
EMAIL-1291,<email-1291.202208270840@cascadetimber.com>,Data/Cascade_Timber_EML_Dataset/Custodians/John_Ellery/EMAIL-1291_Fantasy_pool.eml,
EMAIL-312,<email-312.202208270840@alderpointpartners.com>,Data/Cascade_Timber_EML_Dataset/Custodians/Derek_Holt/EMAIL-312_Submission_packet_NW_06_2022.eml,EMAIL-290
EMAIL-337,<email-337.202208281005@alderpointpartners.com>,Data/Cascade_Timber_EML_Dataset/Custodians/Grace_Lin/EMAIL-337_Easement_file_review_Lane_Klamath_routine_diligence.eml,
EMAIL-1314,<email-1314.202208301125@cascadetimber.com>,Data/Cascade_Timber_EML_Dataset/Custodians/Elena_Marlowe/EMAIL-1314_Parking_facilities.eml,
EMAIL-326,<email-326.202208300945@cascadetimber.com>,Data/Cascade_Timber_EML_Dataset/Custodians/Mia_Chen/EMAIL-326_County_easement_filing_NW_01.eml,
EMAIL-343,<email-343.202208301110@alderpointpartners.com>,Data/Cascade_Timber_EML_Dataset/Custodians/Elena_Marlowe/EMAIL-343_Application_date_confirmation_NW_02.eml,
EMAIL-408,<email-408.202208310830@alderpointpartners.com>,Data/Cascade_Timber_EML_Dataset/Custodians/Wendy_Park/EMAIL-408_KW_option_agreement_KW_01_dated_post_3_16_22.eml,
EMAIL-841,<email-841.202209010945@cascadetimber.com>,Data/Cascade_Timber_EML_Dataset/Custodians/Tom_Reyes/EMAIL-841_Close_file_Q2_2022.eml,
EMAIL-1300,<email-1300.202209021030@bellhavenadvisory.com>,Data/Cascade_Timber_EML_Dataset/Custodians/Sarah_Nguyen/EMAIL-1300_Out_of_office.eml,
EMAIL-404,<email-404.202209031505@alderpointpartners.com>,Data/Cascade_Timber_EML_Dataset/Custodians/IT_Notifications/EMAIL-404_Nina_Clearwater_correspondence_Route_97.eml,
EMAIL-991,<email-991.202209031000@cascadetimber.com>,Data/Cascade_Timber_EML_Dataset/Custodians/Priya_Shah/EMAIL-991_Quarterly_pack_compliance_section_no_entries.eml,EMAIL-901
EMAIL-516,<email-516.202209041430@cascadetimber.com>,Data/Cascade_Timber_EML_Dataset/Custodians/Jay_Whitfield/EMAIL-516_Rate_card_batch_6.eml,
EMAIL-693,<email-693.202209051635@willamettefh.com>,Data/Cascade_Timber_EML_Dataset/Custodians/Derek_Holt/EMAIL-693_Broker_pipeline_update.eml,
