exhibit_id,filename,type,parties,date,related_docids,parcel_ids,amounts,evidentiary_role,status
EX-001,EX-001_Partnership_Agreement_CTH_AlderPoint.pdf,partnership agreement,CTH; Alder Point,2021-12-22,EMAIL-034;EMAIL-035;EMAIL-031,,fee 8% of proceeds,Screening Representation text (reliance analysis requires negotiation evidence; see draft EX-002),executed
EX-002,EX-002_Partnership_Agreement_DRAFTv3.pdf,draft agreement excerpt,CTH; Alder Point,2021-12-15,EMAIL-034;EMAIL-035,,,"Shows representation was negotiated, not boilerplate; reliance still requires proof it was read/followed",draft
EX-003,EX-003_Option_KW-01_Clearwater.pdf,option agreement,Clearwater Land LLC; Alder Point,"April 4, 2022",EMAIL-176;EMAIL-198;EMAIL-140;EMAIL-141;EMAIL-412;EMAIL-430,KW-01,"$12,000 option payment due August 17, 2022",Agreement date vs application date vs PAYMENT date join (Arc J),executed
EX-004,EX-004_Option_KW-02_Clearwater.pdf,option agreement,Clearwater Land LLC; Alder Point,"April 11, 2022",EMAIL-176;EMAIL-198;EMAIL-140;EMAIL-141;EMAIL-412;EMAIL-430,KW-02,"$12,000 option payment due August 24, 2022",Agreement date vs application date vs PAYMENT date join (Arc J); KW-02 signature undated,executed
EX-005,EX-005_Placement_Batch1_Bellhaven.pdf,placement agreement,Alder Point; Bellhaven,2022-09-08,EMAIL-008;EMAIL-009;EMAIL-177;EMAIL-178,,discount 0.92; commission 6%,Batch pricing + authority reps; join with renewal records + placement dates (Disputed Q2),executed
EX-006,EX-006_Placement_Batch2_Bellhaven.pdf,placement agreement,Alder Point; Bellhaven,2022-10-03,EMAIL-008;EMAIL-009;EMAIL-177;EMAIL-178,,discount 0.9; commission 6%,Batch pricing + authority reps; join with renewal records + placement dates (Disputed Q2),executed
EX-007,EX-007_Placement_Batch3_Bellhaven.pdf,placement agreement,Alder Point; Bellhaven,2022-11-07,EMAIL-008;EMAIL-009;EMAIL-177;EMAIL-178,,discount 0.91; commission 6%,Batch pricing + authority reps; join with renewal records + placement dates (Disputed Q2),executed
EX-008,EX-008_Placement_Batch4_Bellhaven.pdf,placement agreement,Alder Point; Bellhaven,2022-12-05,EMAIL-008;EMAIL-009;EMAIL-177;EMAIL-178,,discount 0.89; commission 6%,Batch pricing + authority reps; join with renewal records + placement dates (Disputed Q2),executed
EX-009,EX-009_Placement_Batch5_Bellhaven.pdf,placement agreement,Alder Point; Bellhaven,2023-01-09,EMAIL-008;EMAIL-009;EMAIL-177;EMAIL-178,,discount 0.9; commission 6%,Batch pricing + authority reps; join with renewal records + placement dates (Disputed Q2),executed
EX-010,EX-010_Placement_Batch6_Bellhaven.pdf,placement agreement,Alder Point; Bellhaven,2023-02-06,EMAIL-008;EMAIL-009;EMAIL-177;EMAIL-178,,discount 0.88; commission 6%,Batch pricing + authority reps; join with renewal records + placement dates (Disputed Q2),executed
EX-011,EX-011_Purchase_Lot1.pdf,purchase agreement,Alder Point; Blue River Capital,2022-Q4 cycle,EMAIL-177;EMAIL-178;EMAIL-199;EMAIL-200,,"face $1,500,000; cash $1,380,000",Represented-vs-received join with deck versions + certificates (Arc C),executed
EX-012,EX-012_Purchase_Lot2.pdf,purchase agreement,Alder Point; Cascade Pension Partners,2022-Q4 cycle,EMAIL-177;EMAIL-178;EMAIL-199;EMAIL-200,,"face $1,200,000; cash $1,080,000",Represented-vs-received join with deck versions + certificates (Arc C),executed
EX-013,EX-013_Purchase_Lot3.pdf,purchase agreement,Alder Point; Willamette Family Holdings,2022-Q4 cycle,EMAIL-177;EMAIL-178;EMAIL-199;EMAIL-200,,"face $950,000; cash $883,500",Represented-vs-received join with deck versions + certificates (Arc C),executed
EX-014,EX-014_Purchase_Lot4.pdf,purchase agreement,Alder Point; North Fork Energy Fund,2022-Q4 cycle,EMAIL-177;EMAIL-178;EMAIL-199;EMAIL-200,,"face $1,100,000; cash $968,000",Represented-vs-received join with deck versions + certificates (Arc C),executed
EX-015,EX-015_Purchase_Lot5.pdf,purchase agreement,Alder Point; Blue River Capital,2022-Q4 cycle,EMAIL-177;EMAIL-178;EMAIL-199;EMAIL-200,,"face $1,000,000; cash $910,000",Represented-vs-received join with deck versions + certificates (Arc C),executed
EX-016,EX-016_Purchase_Lot6.pdf,purchase agreement,Alder Point; North Fork Energy Fund,2022-Q4 cycle,EMAIL-177;EMAIL-178;EMAIL-199;EMAIL-200,,"face $1,050,000; cash $934,500",Represented-vs-received join with deck versions + certificates (Arc C),executed
EX-017,EX-017_RenewalFiling_Oregon.pdf,filing receipt,Bellhaven Advisory; State of Oregon,"November 14, 2022",EMAIL-009;EMAIL-041;EMAIL-045;EMAIL-018;EMAIL-029,,,Filing date only; issuance requires matrix join (Disputed Q2 stays open),file-stamped
EX-018,EX-018_RenewalFiling_Washington.pdf,filing receipt,Bellhaven Advisory; State of Washington,"November 15, 2022",EMAIL-009;EMAIL-041;EMAIL-045;EMAIL-018;EMAIL-029,,,Filing date only; issuance requires matrix join (Disputed Q2 stays open),file-stamped
EX-020,EX-020_Easement_NW-01.pdf,easement instrument,Grantor; County recorder,2022 cycle,EMAIL-003;EMAIL-039;EMAIL-154,NW-01,recorded 210 ac (claimed 210),Recorded acreage vs claimed-credit join (Disputed Q1),recorded
EX-021,EX-021_Easement_NW-02.pdf,easement instrument,Grantor; County recorder,2022 cycle,EMAIL-003;EMAIL-039;EMAIL-154,NW-02,recorded 185 ac (claimed 185),Recorded acreage vs claimed-credit join (Disputed Q1),recorded
EX-022,EX-022_Easement_NW-03.pdf,easement instrument,Grantor; County recorder,2022 cycle,EMAIL-003;EMAIL-039;EMAIL-154,NW-03,recorded 273 ac (claimed 320),Recorded acreage vs claimed-credit join (Disputed Q1),recorded
EX-023,EX-023_Easement_NW-04.pdf,easement instrument,Grantor; County recorder,2022 cycle,EMAIL-003;EMAIL-039;EMAIL-154,NW-04,recorded 288 ac (claimed 340),Recorded acreage vs claimed-credit join (Disputed Q1),recorded
EX-024,EX-024_Easement_NW-05.pdf,easement instrument,Grantor; County recorder,2022 cycle,EMAIL-003;EMAIL-039;EMAIL-154,NW-05,recorded 195 ac (claimed 195),Recorded acreage vs claimed-credit join (Disputed Q1),recorded
EX-025,EX-025_Easement_NW-06.pdf,easement instrument,Grantor; County recorder,2022 cycle,EMAIL-003;EMAIL-039;EMAIL-154,NW-06,recorded 222 ac (claimed 260),Recorded acreage vs claimed-credit join (Disputed Q1),recorded
EX-026,EX-026_Easement_NW-07.pdf,easement instrument,Grantor; County recorder,2022 cycle,EMAIL-003;EMAIL-039;EMAIL-154,NW-07,recorded 231 ac (claimed 275),Recorded acreage vs claimed-credit join (Disputed Q1),recorded
EX-027,EX-027_Easement_NW-08.pdf,easement instrument,Grantor; County recorder,2022 cycle,EMAIL-003;EMAIL-039;EMAIL-154,NW-08,recorded 205 ac (claimed 205),Recorded acreage vs claimed-credit join (Disputed Q1),recorded
EX-028,EX-028_Certificate_NW-01.pdf,credit certificate,CTH/Alder Point; Buyer lots,2022 cycle,EMAIL-188;EMAIL-193;EMAIL-201,NW-01,"face $590,000",Face-value build join to revenue (Arc B/F),issued
EX-029,EX-029_Certificate_NW-02.pdf,credit certificate,CTH/Alder Point; Buyer lots,2022 cycle,EMAIL-188;EMAIL-193;EMAIL-201,NW-02,"face $520,000",Face-value build join to revenue (Arc B/F),issued
EX-030,EX-030_Certificate_NW-03.pdf,credit certificate,CTH/Alder Point; Buyer lots,2022 cycle,EMAIL-188;EMAIL-193;EMAIL-201,NW-03,"face $620,000",Face-value build join to revenue (Arc B/F),issued
EX-031,EX-031_Certificate_NW-04.pdf,credit certificate,CTH/Alder Point; Buyer lots,2022 cycle,EMAIL-188;EMAIL-193;EMAIL-201,NW-04,"face $580,000",Face-value build join to revenue (Arc B/F),issued
EX-032,EX-032_Certificate_NW-05.pdf,credit certificate,CTH/Alder Point; Buyer lots,2022 cycle,EMAIL-188;EMAIL-193;EMAIL-201,NW-05,"face $550,000",Face-value build join to revenue (Arc B/F),issued
EX-033,EX-033_Certificate_NW-06.pdf,credit certificate,CTH/Alder Point; Buyer lots,2022 cycle,EMAIL-188;EMAIL-193;EMAIL-201,NW-06,"face $640,000",Face-value build join to revenue (Arc B/F),issued
EX-034,EX-034_Certificate_NW-07.pdf,credit certificate,CTH/Alder Point; Buyer lots,2022 cycle,EMAIL-188;EMAIL-193;EMAIL-201,NW-07,"face $560,000",Face-value build join to revenue (Arc B/F),issued
EX-035,EX-035_Certificate_NW-08.pdf,credit certificate,CTH/Alder Point; Buyer lots,2022 cycle,EMAIL-188;EMAIL-193;EMAIL-201,NW-08,"face $490,000",Face-value build join to revenue (Arc B/F),issued
EX-TMP,EX_Larsen_Q32022.pdf,engagement confirmation,Larsen; CTH (Controller),2022-07-25,EMAIL-142;EMAIL-143;EMAIL-144,,"$18,500 fixed",Business-retained contrast to Kovel engagement,executed
EX-TMP,EX_Larsen_Q42022.pdf,engagement confirmation,Larsen; CTH (Controller),2022-10-24,EMAIL-142;EMAIL-143;EMAIL-144,,"$18,500 fixed",Business-retained contrast to Kovel engagement,executed
EX-TMP,EX_Larsen_Q12023.pdf,engagement confirmation,Larsen; CTH (Controller),2023-01-23,EMAIL-142;EMAIL-143;EMAIL-144,,"$18,500 fixed",Business-retained contrast to Kovel engagement,executed
EX-MOSS,EX_Moss_Audit_Engagement_FY2022.pdf,audit engagement letter,Moss & Lane; CTH,2022-11-28,EMAIL-188;EMAIL-193,,,Auditor channel; supports contingency-memo analysis,executed
