DOCID,CUSTODIAN,DATESENT,TIMESENT,FROM,TO,CC,SUBJECT,TAG,PRIVILEGED,CONTAINS_PII,ATTACHMENTS,MESSAGEID,FILEPATH
EMAIL-001,Priya Shah,01/11/2022,09:14:00 PST,Priya Shah <pshah@alderpointpartners.com>,Tom Reyes <treyes@alderpointpartners.com>,,Coastal Solar Credit Program — kickoff,Routine,No,No,Coastal_Solar_Marketing_Deck.pptx,<email001.202201110914@alderpointpartners.com>,Custodians/Priya_Shah/EMAIL-001_Coastal Solar Credit Program _ kickoff.eml
EMAIL-002,Elena Marlowe,01/12/2022,08:03:00 PST,Elena Marlowe <emarlowe@cascadetimber.com>,Robert Denniston <rdenniston@cascadetimber.com>,,Re: Q1 projections,Key Stakeholder Comms,No,No,,<email002.202201120803@cascadetimber.com>,Custodians/Elena_Marlowe/EMAIL-002_Re_ Q1 projections.eml
EMAIL-003,Tom Reyes,03/02/2022,11:47:00 PST,Tom Reyes <treyes@alderpointpartners.com>,Priya Shah <pshah@alderpointpartners.com>,,Land parcel eligibility — need a second look,Knowledge/Scienter,No,No,,<email003.202203021147@alderpointpartners.com>,Custodians/Tom_Reyes/EMAIL-003_Land parcel eligibility _ need a second look.eml
EMAIL-004,Sarah Nguyen,06/14/2022,14:22:00 PDT,Sarah Nguyen <snguyen@cascadetimber.com>,John Ellery <jellery@cascadetimber.com>,,Compliance question re: Coastal Solar eligibility,Knowledge/Scienter,No,No,,<email004.202206141422@cascadetimber.com>,Custodians/Sarah_Nguyen/EMAIL-004_Compliance question re_ Coastal Solar eligibility.eml
EMAIL-005,John Ellery,06/15/2022,09:05:00 PDT,John Ellery <jellery@cascadetimber.com>,Sarah Nguyen <snguyen@cascadetimber.com>,,RE: Compliance question re: Coastal Solar eligibility,Privileged Legal Advice,Yes,No,,<email005.202206150905@cascadetimber.com>,Custodians/John_Ellery/EMAIL-005_RE_ Compliance question re_ Coastal Solar eligibility.eml
EMAIL-006,Priya Shah,07/01/2022,10:30:00 PDT,Priya Shah <pshah@alderpointpartners.com>,Jay Whitfield <jwhitfield@alderpointpartners.com>,,Broker network — Bellhaven,Red Flag,No,No,,<email006.202207011030@alderpointpartners.com>,Custodians/Priya_Shah/EMAIL-006_Broker network _ Bellhaven.eml
EMAIL-007,Jay Whitfield,07/01/2022,15:52:00 PDT,Kane <jwhitfield@alderpointpartners.com>,Priya Shah <pshah@alderpointpartners.com>,,RE: Broker network — Bellhaven,Red Flag,No,No,,<email007.202207011552@alderpointpartners.com>,Custodians/Jay_Whitfield/EMAIL-007_RE_ Broker network _ Bellhaven.eml
EMAIL-008,Tom Reyes,09/02/2022,08:40:00 PDT,Tom Reyes <treyes@alderpointpartners.com>,Derek Holt <dholt@bellhavenadvisory.com>,Priya Shah <pshah@alderpointpartners.com>,Engagement — Coastal Solar credit placements,Routine,No,No,,<email008.202209020840@alderpointpartners.com>,Custodians/Tom_Reyes/EMAIL-008_Engagement _ Coastal Solar credit placements.eml
EMAIL-009,Derek Holt,09/15/2022,13:15:00 MDT,Derek Holt <dholt@bellhavenadvisory.com>,Tom Reyes <treyes@alderpointpartners.com>,,RE: Engagement — Coastal Solar credit placements,Red Flag,No,No,Bellhaven_Coastal_Solar_Placement_Agreement.pdf,<email009.202209151315@bellhavenadvisory.com>,Custodians/Derek_Holt/EMAIL-009_RE_ Engagement _ Coastal Solar credit placements.eml
EMAIL-010,Tom Reyes,09/16/2022,09:02:00 PDT,Tom Reyes <treyes@alderpointpartners.com>,Priya Shah <pshah@alderpointpartners.com>,,RE: Bellhaven registration,Due Diligence Failure,No,No,,<email010.202209160902@alderpointpartners.com>,Custodians/Tom_Reyes/EMAIL-010_RE_ Bellhaven registration.eml
EMAIL-011,Priya Shah,09/16/2022,09:41:00 PDT,Priya Shah <pshah@alderpointpartners.com>,Tom Reyes <treyes@alderpointpartners.com>,,RE: Bellhaven registration,Due Diligence Failure,No,No,,<email011.202209160941@alderpointpartners.com>,Custodians/Priya_Shah/EMAIL-011_RE_ Bellhaven registration.eml
EMAIL-012,John Ellery,10/04/2022,16:05:00 PDT,John Ellery <jellery@cascadetimber.com>,Elena Marlowe <emarlowe@cascadetimber.com>,,Privileged — Coastal Solar program risk assessment,Privileged Legal Advice,Yes,No,Privileged_Coastal_Solar_Risk_Assessment.pdf,<email012.202210041605@cascadetimber.com>,Custodians/John_Ellery/EMAIL-012_Privileged _ Coastal Solar program risk assessment.eml
EMAIL-013,Elena Marlowe,10/05/2022,08:22:00 PDT,Elena Marlowe <emarlowe@cascadetimber.com>,Robert Denniston <rdenniston@cascadetimber.com>,John Ellery <jellery@cascadetimber.com>,RE: Coastal Solar program risk assessment,Key Stakeholder Comms,No,No,,<email013.202210050822@cascadetimber.com>,Custodians/Elena_Marlowe/EMAIL-013_RE_ Coastal Solar program risk assessment.eml
EMAIL-014,Robert Denniston,10/06/2022,10:11:00 PDT,Robert Denniston <rdenniston@cascadetimber.com>,Elena Marlowe <emarlowe@cascadetimber.com>,,RE: Coastal Solar program risk assessment,Due Diligence Failure,No,Yes,Q4_Board_Deck_DRAFT.pptx,<email014.202210061011@cascadetimber.com>,Custodians/Robert_Denniston/EMAIL-014_RE_ Coastal Solar program risk assessment.eml
EMAIL-015,Tom Reyes,11/11/2022,09:37:00 PST,Tom Reyes <treyes@alderpointpartners.com>,Priya Shah <pshah@alderpointpartners.com>,,Parcel eligibility follow-up,Knowledge/Scienter,No,No,,<email015.202211110937@alderpointpartners.com>,Custodians/Tom_Reyes/EMAIL-015_Parcel eligibility follow-up.eml
EMAIL-016,Priya Shah,11/12/2022,11:05:00 PST,Priya Shah <pshah@alderpointpartners.com>,Tom Reyes <treyes@alderpointpartners.com>,,RE: Parcel eligibility follow-up,Due Diligence Failure,No,No,,<email016.202211121105@alderpointpartners.com>,Custodians/Priya_Shah/EMAIL-016_RE_ Parcel eligibility follow-up.eml
EMAIL-017,Jay Whitfield,01/09/2023,09:50:00 PST,Jay Whitfield <jwhitfield@alderpointpartners.com>,Priya Shah <pshah@alderpointpartners.com>,,Broker licensing check-in,Red Flag,No,No,,<email017.202301090950@alderpointpartners.com>,Custodians/Jay_Whitfield/EMAIL-017_Broker licensing check-in.eml
EMAIL-018,Priya Shah,01/10/2023,14:18:00 PST,Priya Shah <pshah@alderpointpartners.com>,Jay Whitfield <jwhitfield@alderpointpartners.com>,,RE: Broker licensing check-in,Due Diligence Failure,No,No,,<email018.202301101418@alderpointpartners.com>,Custodians/Priya_Shah/EMAIL-018_RE_ Broker licensing check-in.eml
EMAIL-019,Sarah Nguyen,02/20/2023,07:58:00 PST,Sarah Nguyen <snguyen@cascadetimber.com>,John Ellery <jellery@cascadetimber.com>,Elena Marlowe <emarlowe@cascadetimber.com>,Whistleblower complaint received,Chronology Key Event,No,No,,<email019.202302200758@cascadetimber.com>,Custodians/Sarah_Nguyen/EMAIL-019_Whistleblower complaint received.eml
EMAIL-020,John Ellery,02/21/2023,09:12:00 PST,John Ellery <jellery@cascadetimber.com>,Elena Marlowe <emarlowe@cascadetimber.com>,Sarah Nguyen <snguyen@cascadetimber.com>,RE: Whistleblower complaint received — privileged,Privileged Legal Advice,Yes,No,Privileged_Preliminary_Assessment_Whistleblower.pdf,<email020.202302210912@cascadetimber.com>,Custodians/John_Ellery/EMAIL-020_RE_ Whistleblower complaint received _ privileged.eml
EMAIL-021,John Ellery,02/24/2023,15:40:00 PST,John Ellery <jellery@cascadetimber.com>,Grace Lin <glin@llassociates.com>,Elena Marlowe <emarlowe@cascadetimber.com>,Engagement — Coastal Solar internal review,Privileged Legal Advice,Yes,No,LL_Associates_Engagement_Letter.pdf,<email021.202302241540@cascadetimber.com>,Custodians/John_Ellery/EMAIL-021_Engagement _ Coastal Solar internal review.eml
EMAIL-022,Grace Lin,03/01/2023,10:26:00 PST,Grace Lin <glin@llassociates.com>,John Ellery <jellery@cascadetimber.com>,,RE: Engagement — Coastal Solar internal review,Privileged Legal Advice,Yes,Yes,Custodian_List.xlsx,<email022.202303011026@llassociates.com>,Custodians/Grace_Lin/EMAIL-022_RE_ Engagement _ Coastal Solar internal review.eml
EMAIL-023,John Ellery,05/23/2023,08:05:00 PDT,John Ellery <jellery@cascadetimber.com>,Elena Marlowe <emarlowe@cascadetimber.com>,Robert Denniston <rdenniston@cascadetimber.com>,IRS subpoena received,Chronology Key Event,No,No,IRS_Subpoena_Coastal_Solar_Credit_Program.pdf,<email023.202305230805@cascadetimber.com>,Custodians/John_Ellery/EMAIL-023_IRS subpoena received.eml
EMAIL-024,John Ellery,06/13/2023,17:00:00 PDT,John Ellery <jellery@cascadetimber.com>,All Staff <allstaff@cascadetimber.com>,,Legal hold notice — Coastal Solar Credit Program,Chronology Key Event,No,No,Legal_Hold_Notice_Coastal_Solar.pdf,<email024.202306131700@cascadetimber.com>,Custodians/John_Ellery/EMAIL-024_Legal hold notice _ Coastal Solar Credit Program.eml
EMAIL-025,Priya Shah,06/14/2023,09:15:00 PDT,Priya Shah <pshah@alderpointpartners.com>,Tom Reyes <treyes@alderpointpartners.com>,Jay Whitfield <jwhitfield@alderpointpartners.com>,Legal hold — please confirm,Routine,No,No,,<email025.202306140915@alderpointpartners.com>,Custodians/Priya_Shah/EMAIL-025_Legal hold _ please confirm.eml
EMAIL-026,Robert Denniston,06/20/2023,13:47:00 PDT,Robert Denniston <rdenniston@cascadetimber.com>,Elena Marlowe <emarlowe@cascadetimber.com>,,Budget for internal review,Key Stakeholder Comms,No,No,,<email026.202306201347@cascadetimber.com>,Custodians/Robert_Denniston/EMAIL-026_Budget for internal review.eml
EMAIL-027,John Ellery,06/21/2023,10:33:00 PDT,John Ellery <jellery@cascadetimber.com>,Robert Denniston <rdenniston@cascadetimber.com>,Elena Marlowe <emarlowe@cascadetimber.com>,RE: Budget for internal review,Key Stakeholder Comms,No,No,,<email027.202306211033@cascadetimber.com>,Custodians/John_Ellery/EMAIL-027_RE_ Budget for internal review.eml
EMAIL-028,Tom Reyes,06/22/2023,16:20:00 PDT,Tom Reyes <treyes@alderpointpartners.com>,Priya Shah <pshah@alderpointpartners.com>,,Re-reading old threads,Knowledge/Scienter,No,No,,<email028.202306221620@alderpointpartners.com>,Custodians/Tom_Reyes/EMAIL-028_Re-reading old threads.eml
EMAIL-029,Derek Holt,06/25/2023,11:09:00 MDT,Derek Holt <dholt@bellhavenadvisory.com>,Tom Reyes <treyes@alderpointpartners.com>,,Registration status,Routine,No,No,,<email029.202306251109@bellhavenadvisory.com>,Custodians/Derek_Holt/EMAIL-029_Registration status.eml
EMAIL-030,Elena Marlowe,06/27/2023,15:02:00 PDT,Elena Marlowe <emarlowe@cascadetimber.com>,Robert Denniston <rdenniston@cascadetimber.com>,John Ellery <jellery@cascadetimber.com>,RE: Coastal Solar — path forward,Key Stakeholder Comms,No,No,,<email030.202306271502@cascadetimber.com>,Custodians/Elena_Marlowe/EMAIL-030_RE_ Coastal Solar _ path forward.eml
EMAIL-031,Elena Marlowe,11/02/2021,09:20:00 PDT,Elena Marlowe <emarlowe@cascadetimber.com>,Robert Denniston <rdenniston@cascadetimber.com>,,Coastal Solar Credit Program — business case,Routine,No,No,,<email031.202111020920@cascadetimber.com>,Custodians/Elena_Marlowe/EMAIL-031_Coastal Solar Credit Program _ business case.eml
EMAIL-032,Robert Denniston,11/05/2021,13:40:00 PDT,Robert Denniston <rdenniston@cascadetimber.com>,Elena Marlowe <emarlowe@cascadetimber.com>,,RE: Coastal Solar Credit Program — business case,Key Stakeholder Comms,No,No,,<email032.202111051340@cascadetimber.com>,Custodians/Robert_Denniston/EMAIL-032_RE_ Coastal Solar Credit Program _ business case.eml
EMAIL-033,Priya Shah,12/01/2021,10:00:00 PST,Priya Shah <pshah@alderpointpartners.com>,Elena Marlowe <emarlowe@cascadetimber.com>,Robert Denniston <rdenniston@cascadetimber.com>,Coastal Solar Credit Program — partnership proposal,Routine,No,No,Coastal_Solar_Partnership_Proposal.pptx,<email033.202112011000@alderpointpartners.com>,Custodians/Priya_Shah/EMAIL-033_Coastal Solar Credit Program _ partnership proposal.eml
EMAIL-034,John Ellery,12/10/2021,11:15:00 PST,John Ellery <jellery@cascadetimber.com>,Elena Marlowe <emarlowe@cascadetimber.com>,,RE: Coastal Solar Credit Program — partnership proposal — legal review,Privileged Legal Advice,Yes,No,,<email034.202112101115@cascadetimber.com>,Custodians/John_Ellery/EMAIL-034_RE_ Coastal Solar Credit Program _ partnership proposal _ le.eml
EMAIL-035,Elena Marlowe,12/15/2021,09:30:00 PST,Elena Marlowe <emarlowe@cascadetimber.com>,John Ellery <jellery@cascadetimber.com>,,RE: partnership agreement sign-off,Routine,No,No,,<email035.202112150930@cascadetimber.com>,Custodians/Elena_Marlowe/EMAIL-035_RE_ partnership agreement sign-off.eml
EMAIL-036,Tom Reyes,02/10/2022,09:05:00 PST,Tom Reyes <treyes@alderpointpartners.com>,Nina Alvarez <nalvarez@alderpointpartners.com>,,Parcel data request — Northwest batch,Routine,No,No,,<email036.202202100905@alderpointpartners.com>,Custodians/Tom_Reyes/EMAIL-036_Parcel data request _ Northwest batch.eml
EMAIL-037,Nina Alvarez,02/14/2022,15:22:00 PST,Nina Alvarez <nalvarez@alderpointpartners.com>,Tom Reyes <treyes@alderpointpartners.com>,,RE: Parcel data request — Northwest batch,Knowledge/Scienter,No,No,Land_Parcel_Data_Northwest.csv,<email037.202202141522@alderpointpartners.com>,Custodians/Nina_Alvarez/EMAIL-037_RE_ Parcel data request _ Northwest batch.eml
EMAIL-038,Tom Reyes,03/05/2022,10:45:00 PST,Tom Reyes <treyes@alderpointpartners.com>,GreenAcre Land Survey Co. <surveys@greenacresurvey.com>,,Survey request — Coastal Solar parcels,Knowledge/Scienter,No,No,,<email038.202203051045@alderpointpartners.com>,Custodians/Tom_Reyes/EMAIL-038_Survey request _ Coastal Solar parcels.eml
EMAIL-039,Tom Reyes,03/15/2022,16:10:00 PDT,GreenAcre Land Survey Co. <surveys@greenacresurvey.com>,Tom Reyes <treyes@alderpointpartners.com>,,RE: Survey request — Coastal Solar parcels,Knowledge/Scienter,No,No,GreenAcre_Survey_Findings.pdf,<email039.202203151610@greenacresurvey.com>,Custodians/Tom_Reyes/EMAIL-039_RE_ Survey request _ Coastal Solar parcels.eml
EMAIL-040,Sarah Nguyen,06/20/2022,13:00:00 PDT,Sarah Nguyen <snguyen@cascadetimber.com>,John Ellery <jellery@cascadetimber.com>,,RE: Compliance question re: Coastal Solar eligibility,Privileged Legal Advice,Yes,No,,<email040.202206201300@cascadetimber.com>,Custodians/Sarah_Nguyen/EMAIL-040_RE_ Compliance question re_ Coastal Solar eligibility.eml
EMAIL-041,Derek Holt,09/10/2022,11:00:00 MDT,Renee Ford <rford@bellhavenadvisory.com>,Derek Holt <dholt@bellhavenadvisory.com>,,OR/WA broker registration renewal — status,Red Flag,No,No,,<email041.202209101100@bellhavenadvisory.com>,Custodians/Derek_Holt/EMAIL-041_OR_WA broker registration renewal _ status.eml
EMAIL-042,Derek Holt,09/12/2022,09:30:00 MDT,Derek Holt <dholt@bellhavenadvisory.com>,Renee Ford <rford@bellhavenadvisory.com>,,RE: OR/WA broker registration renewal — status,Due Diligence Failure,No,No,,<email042.202209120930@bellhavenadvisory.com>,Custodians/Derek_Holt/EMAIL-042_RE_ OR_WA broker registration renewal _ status.eml
EMAIL-043,Derek Holt,11/01/2022,14:20:00 MDT,Renee Ford <rford@bellhavenadvisory.com>,Tom Reyes <treyes@alderpointpartners.com>,Derek Holt <dholt@bellhavenadvisory.com>,Following up — registration and marketing status,Due Diligence Failure,No,No,,<email043.202211011420@bellhavenadvisory.com>,Custodians/Derek_Holt/EMAIL-043_Following up _ registration and marketing status.eml
EMAIL-044,Tom Reyes,11/03/2022,08:50:00 PDT,Tom Reyes <treyes@alderpointpartners.com>,Priya Shah <pshah@alderpointpartners.com>,,FW: Following up — registration and marketing status,Due Diligence Failure,No,No,,<email044.202211030850@alderpointpartners.com>,Custodians/Tom_Reyes/EMAIL-044_FW_ Following up _ registration and marketing status.eml
EMAIL-045,Derek Holt,12/20/2022,10:05:00 MST,Derek Holt <dholt@bellhavenadvisory.com>,Tom Reyes <treyes@alderpointpartners.com>,,Registration finalized,Routine,No,No,,<email045.202212201005@bellhavenadvisory.com>,Custodians/Derek_Holt/EMAIL-045_Registration finalized.eml
EMAIL-046,Sarah Nguyen,02/20/2023,16:45:00 PST,Sarah Nguyen <snguyen@cascadetimber.com>,John Ellery <jellery@cascadetimber.com>,,Complaint details,Chronology Key Event,No,No,Whistleblower_Complaint_Text.pdf,<email046.202302201645@cascadetimber.com>,Custodians/Sarah_Nguyen/EMAIL-046_Complaint details.eml
EMAIL-047,John Ellery,02/26/2023,09:00:00 PST,John Ellery <jellery@cascadetimber.com>,Alan Brooks <abrooks@llassociates.com>,,Document collection kickoff — Coastal Solar internal review,Privileged Legal Advice,Yes,No,,<email047.202302260900@cascadetimber.com>,Custodians/John_Ellery/EMAIL-047_Document collection kickoff _ Coastal Solar internal review.eml
EMAIL-048,John Ellery,02/28/2023,14:30:00 PST,Alan Brooks <abrooks@llassociates.com>,John Ellery <jellery@cascadetimber.com>,,RE: Document collection kickoff — custodian list draft v1,Privileged Legal Advice,Yes,Yes,Custodian_List.xlsx,<email048.202302281430@llassociates.com>,Custodians/John_Ellery/EMAIL-048_RE_ Document collection kickoff _ custodian list draft v1.eml
EMAIL-049,John Ellery,03/05/2023,11:10:00 PST,Mia Chen <mchen@llassociates.com>,John Ellery <jellery@cascadetimber.com>,Grace Lin <glin@llassociates.com>,Review status update,Privileged Legal Advice,Yes,No,,<email049.202303051110@llassociates.com>,Custodians/John_Ellery/EMAIL-049_Review status update.eml
EMAIL-050,Grace Lin,03/10/2023,17:00:00 PST,Grace Lin <glin@llassociates.com>,John Ellery <jellery@cascadetimber.com>,,Interim findings memo,Privileged Legal Advice,Yes,No,Privileged_Interim_Findings_Memo.pdf,<email050.202303101700@llassociates.com>,Custodians/Grace_Lin/EMAIL-050_Interim findings memo.eml
EMAIL-051,John Ellery,03/15/2023,10:20:00 PDT,John Ellery <jellery@cascadetimber.com>,Elena Marlowe <emarlowe@cascadetimber.com>,Robert Denniston <rdenniston@cascadetimber.com>,Privileged — internal review status update,Privileged Legal Advice,Yes,No,,<email051.202303151020@cascadetimber.com>,Custodians/John_Ellery/EMAIL-051_Privileged _ internal review status update.eml
EMAIL-052,Elena Marlowe,03/20/2023,08:40:00 PDT,Elena Marlowe <emarlowe@cascadetimber.com>,Marcus Webb <mwebb@cascadetimber.com>,,Coastal Solar — board update needed,Key Stakeholder Comms,No,No,,<email052.202303200840@cascadetimber.com>,Custodians/Elena_Marlowe/EMAIL-052_Coastal Solar _ board update needed.eml
EMAIL-053,Elena Marlowe,03/22/2023,12:15:00 PDT,Marcus Webb <mwebb@cascadetimber.com>,Elena Marlowe <emarlowe@cascadetimber.com>,,RE: Coastal Solar — board update needed,Key Stakeholder Comms,No,No,,<email053.202303221215@cascadetimber.com>,Custodians/Elena_Marlowe/EMAIL-053_RE_ Coastal Solar _ board update needed.eml
EMAIL-054,John Ellery,05/23/2023,09:15:00 PDT,John Ellery <jellery@cascadetimber.com>,Grace Lin <glin@llassociates.com>,,FW: IRS subpoena received,Privileged Legal Advice,Yes,No,,<email054.202305230915@cascadetimber.com>,Custodians/John_Ellery/EMAIL-054_FW_ IRS subpoena received.eml
EMAIL-055,Grace Lin,05/24/2023,10:00:00 PDT,Grace Lin <glin@llassociates.com>,John Ellery <jellery@cascadetimber.com>,,RE: FW: IRS subpoena received,Privileged Legal Advice,Yes,No,,<email055.202305241000@llassociates.com>,Custodians/Grace_Lin/EMAIL-055_RE_ FW_ IRS subpoena received.eml
EMAIL-056,John Ellery,05/25/2023,13:30:00 PDT,John Ellery <jellery@cascadetimber.com>,Kevin Tran <kevin.tran@irs.gov>,,Coastal Solar Credit Program subpoena — extension request,Routine,No,No,,<email056.202305251330@cascadetimber.com>,Custodians/John_Ellery/EMAIL-056_Coastal Solar Credit Program subpoena _ extension request.eml
EMAIL-057,John Ellery,05/31/2023,09:45:00 EDT,Kevin Tran <kevin.tran@irs.gov>,John Ellery <jellery@cascadetimber.com>,,RE: Coastal Solar Credit Program subpoena — extension request,Routine,No,No,,<email057.202305310945@irs.gov>,Custodians/John_Ellery/EMAIL-057_RE_ Coastal Solar Credit Program subpoena _ extension reques.eml
EMAIL-058,Dan Osei,05/30/2023,15:00:00 PDT,Alan Brooks <abrooks@llassociates.com>,Dan Osei <dosei@cascadetimber.com>,,Document collection — technical scope,Routine,No,No,,<email058.202305301500@llassociates.com>,Custodians/Dan_Osei/EMAIL-058_Document collection _ technical scope.eml
EMAIL-059,Dan Osei,06/02/2023,11:20:00 PDT,Dan Osei <dosei@cascadetimber.com>,Alan Brooks <abrooks@llassociates.com>,,RE: Document collection — technical scope,Routine,No,No,Custodian_Mailbox_Export_List.xlsx,<email059.202306021120@cascadetimber.com>,Custodians/Dan_Osei/EMAIL-059_RE_ Document collection _ technical scope.eml
EMAIL-060,Dan Osei,06/13/2023,18:10:00 PDT,Dan Osei <dosei@cascadetimber.com>,All Staff <allstaff@cascadetimber.com>,,IT actions for legal hold — Coastal Solar,Chronology Key Event,No,No,,<email060.202306131810@cascadetimber.com>,Custodians/Dan_Osei/EMAIL-060_IT actions for legal hold _ Coastal Solar.eml
EMAIL-061,John Ellery,06/14/2023,10:05:00 PDT,Wendy Park <wpark@cascadetimber.com>,John Ellery <jellery@cascadetimber.com>,,RE: Legal hold — departing employee mailbox,Routine,No,No,,<email061.202306141005@cascadetimber.com>,Custodians/John_Ellery/EMAIL-061_RE_ Legal hold _ departing employee mailbox.eml
EMAIL-062,John Ellery,06/15/2023,09:30:00 PDT,John Ellery <jellery@cascadetimber.com>,Wendy Park <wpark@cascadetimber.com>,,RE: Legal hold — departing employee mailbox,Routine,No,No,,<email062.202306150930@cascadetimber.com>,Custodians/John_Ellery/EMAIL-062_RE_ Legal hold _ departing employee mailbox.eml
EMAIL-063,Grace Lin,06/19/2023,14:00:00 PDT,Grace Lin <glin@llassociates.com>,John Ellery <jellery@cascadetimber.com>,,Review cost estimate,Privileged Legal Advice,Yes,No,,<email063.202306191400@llassociates.com>,Custodians/Grace_Lin/EMAIL-063_Review cost estimate.eml
EMAIL-064,Alan Brooks,06/23/2023,09:50:00 PDT,Mia Chen <mchen@llassociates.com>,Alan Brooks <abrooks@llassociates.com>,,Search term / TAR workflow options,Privileged Legal Advice,Yes,No,,<email064.202306230950@llassociates.com>,Custodians/Alan_Brooks/EMAIL-064_Search term _ TAR workflow options.eml
EMAIL-065,John Ellery,06/24/2023,16:40:00 PDT,John Ellery <jellery@cascadetimber.com>,Grace Lin <glin@llassociates.com>,,RE: Review cost estimate,Privileged Legal Advice,Yes,No,,<email065.202306241640@cascadetimber.com>,Custodians/John_Ellery/EMAIL-065_RE_ Review cost estimate.eml
EMAIL-066,Elena Marlowe,06/28/2023,11:00:00 PDT,Frank Delgado <fdelgado@cascadetimber.com>,Elena Marlowe <emarlowe@cascadetimber.com>,,Investor question — Coastal Solar pause,Key Stakeholder Comms,No,No,,<email066.202306281100@cascadetimber.com>,Custodians/Elena_Marlowe/EMAIL-066_Investor question _ Coastal Solar pause.eml
EMAIL-067,Elena Marlowe,06/29/2023,08:15:00 PDT,Elena Marlowe <emarlowe@cascadetimber.com>,Frank Delgado <fdelgado@cascadetimber.com>,,RE: Investor question — Coastal Solar pause,Key Stakeholder Comms,No,No,,<email067.202306290815@cascadetimber.com>,Custodians/Elena_Marlowe/EMAIL-067_RE_ Investor question _ Coastal Solar pause.eml
EMAIL-068,Elena Marlowe,06/30/2023,15:30:00 PDT,Marcus Webb <mwebb@cascadetimber.com>,Elena Marlowe <emarlowe@cascadetimber.com>,Robert Denniston <rdenniston@cascadetimber.com>,RE: Coastal Solar — path forward,Key Stakeholder Comms,No,No,,<email068.202306301530@cascadetimber.com>,Custodians/Elena_Marlowe/EMAIL-068_RE_ Coastal Solar _ path forward.eml
EMAIL-069,Priya Shah,07/05/2023,09:00:00 PDT,Priya Shah <pshah@alderpointpartners.com>,Broker Network <brokernetwork@alderpointpartners.com>,,Coastal Solar — placements paused,Routine,No,No,,<email069.202307050900@alderpointpartners.com>,Custodians/Priya_Shah/EMAIL-069_Coastal Solar _ placements paused.eml
EMAIL-070,Derek Holt,07/06/2023,10:40:00 MDT,Renee Ford <rford@bellhavenadvisory.com>,Derek Holt <dholt@bellhavenadvisory.com>,,RE: Coastal Solar — placements paused,Due Diligence Failure,No,No,,<email070.202307061040@bellhavenadvisory.com>,Custodians/Derek_Holt/EMAIL-070_RE_ Coastal Solar _ placements paused.eml
EMAIL-071,Robert Denniston,07/10/2023,14:00:00 PDT,Craig Sato <csato@cascadetimber.com>,Robert Denniston <rdenniston@cascadetimber.com>,,Q3 financial impact — Coastal Solar pause,Key Stakeholder Comms,No,No,Q3_Financial_Impact_Coastal_Solar_Pause.xlsx,<email071.202307101400@cascadetimber.com>,Custodians/Robert_Denniston/EMAIL-071_Q3 financial impact _ Coastal Solar pause.eml
EMAIL-072,Robert Denniston,06/25/2023,08:00:00 PDT,Robert Denniston <rdenniston@cascadetimber.com>,Elena Marlowe <emarlowe@cascadetimber.com>; John Ellery <jellery@cascadetimber.com>; Sarah Nguyen <snguyen@cascadetimber.com>,,Invite: Q3 Budget Review,Not Responsive,No,No,invite.ics,<email072.202306250800@cascadetimber.com>,Custodians/Robert_Denniston/EMAIL-072_Invite_ Q3 Budget Review.eml
EMAIL-073,Priya Shah,01/05/2022,09:00:00 PST,Priya Shah <pshah@alderpointpartners.com>,Tom Reyes <treyes@alderpointpartners.com>; Jay Whitfield <jwhitfield@alderpointpartners.com>,,Invite: Weekly Broker Network Sync,Not Responsive,No,No,invite.ics,<email073.202201050900@alderpointpartners.com>,Custodians/Priya_Shah/EMAIL-073_Invite_ Weekly Broker Network Sync.eml
EMAIL-074,Elena Marlowe,12/01/2022,09:00:00 PST,Elena Marlowe <emarlowe@cascadetimber.com>,All Staff <allstaff@cascadetimber.com>,,Invite: Cascade Timber Holiday Party,Not Responsive,No,No,invite.ics,<email074.202212010900@cascadetimber.com>,Custodians/Elena_Marlowe/EMAIL-074_Invite_ Cascade Timber Holiday Party.eml
EMAIL-075,John Ellery,02/24/2023,16:00:00 PST,John Ellery <jellery@cascadetimber.com>,Grace Lin <glin@llassociates.com>,,Invite: Coastal Solar Internal Review Kickoff Call,Privileged Legal Advice,Yes,No,invite.ics,<email075.202302241600@cascadetimber.com>,Custodians/John_Ellery/EMAIL-075_Invite_ Coastal Solar Internal Review Kickoff Call.eml
EMAIL-076,Elena Marlowe,03/18/2023,10:00:00 PDT,Marcus Webb <mwebb@cascadetimber.com>,Elena Marlowe <emarlowe@cascadetimber.com>; Robert Denniston <rdenniston@cascadetimber.com>; John Ellery <jellery@cascadetimber.com>,,Invite: Board Meeting — March,Key Stakeholder Comms,No,No,invite.ics,<email076.202303181000@cascadetimber.com>,Custodians/Elena_Marlowe/EMAIL-076_Invite_ Board Meeting _ March.eml
EMAIL-077,Tom Reyes,08/01/2022,07:00:00 PDT,Tom Reyes <treyes@alderpointpartners.com>,Priya Shah <pshah@alderpointpartners.com>,,Automatic Reply: Out of Office,Not Responsive,No,No,,<email077.202208010700@alderpointpartners.com>,Custodians/Tom_Reyes/EMAIL-077_Automatic Reply_ Out of Office.eml
EMAIL-078,Priya Shah,12/23/2022,08:00:00 PST,Priya Shah <pshah@alderpointpartners.com>,Tom Reyes <treyes@alderpointpartners.com>,,Automatic Reply: Out of Office,Not Responsive,No,No,,<email078.202212230800@alderpointpartners.com>,Custodians/Priya_Shah/EMAIL-078_Automatic Reply_ Out of Office.eml
EMAIL-079,Sarah Nguyen,04/10/2023,08:00:00 PDT,Sarah Nguyen <snguyen@cascadetimber.com>,John Ellery <jellery@cascadetimber.com>,,Automatic Reply: Out of Office,Not Responsive,No,No,,<email079.202304100800@cascadetimber.com>,Custodians/Sarah_Nguyen/EMAIL-079_Automatic Reply_ Out of Office.eml
EMAIL-080,Derek Holt,07/15/2022,08:00:00 MDT,Derek Holt <dholt@bellhavenadvisory.com>,Tom Reyes <treyes@alderpointpartners.com>,,Automatic Reply: Out of Office,Not Responsive,No,No,,<email080.202207150800@bellhavenadvisory.com>,Custodians/Derek_Holt/EMAIL-080_Automatic Reply_ Out of Office.eml
EMAIL-081,Grace Lin,04/01/2023,08:00:00 PDT,Grace Lin <glin@llassociates.com>,John Ellery <jellery@cascadetimber.com>,,Automatic Reply: Out of Office,Not Responsive,No,No,,<email081.202304010800@llassociates.com>,Custodians/Grace_Lin/EMAIL-081_Automatic Reply_ Out of Office.eml
EMAIL-082,Jay Whitfield,06/26/2023,08:00:00 PDT,Nina Alvarez <nalvarez@alderpointpartners.com>,Jay Whitfield <jwhitfield@alderpointpartners.com>,,Automatic Reply: Out of Office — Last Day June 30,Not Responsive,No,No,,<email082.202306260800@alderpointpartners.com>,Custodians/Jay_Whitfield/EMAIL-082_Automatic Reply_ Out of Office _ Last Day June 30.eml
EMAIL-083,IT Notifications,04/01/2022,08:00:00 PDT,IT Notifications <it-notifications@cascadetimber.com>,All Staff <allstaff@cascadetimber.com>,,Mandatory Password Reset — April 2022,Not Responsive,No,No,,<email083.202204010800@cascadetimber.com>,Custodians/IT_Notifications/EMAIL-083_Mandatory Password Reset _ April 2022.eml
EMAIL-084,IT Notifications,10/15/2022,08:00:00 PDT,IT Notifications <it-notifications@cascadetimber.com>,All Staff <allstaff@cascadetimber.com>,,Phishing Awareness Training Due,Not Responsive,No,No,,<email084.202210150800@cascadetimber.com>,Custodians/IT_Notifications/EMAIL-084_Phishing Awareness Training Due.eml
EMAIL-085,IT Notifications,01/20/2023,08:00:00 PST,IT Notifications <it-notifications@cascadetimber.com>,All Staff <allstaff@cascadetimber.com>,,VPN Maintenance Window — January 22,Not Responsive,No,No,,<email085.202301200800@cascadetimber.com>,Custodians/IT_Notifications/EMAIL-085_VPN Maintenance Window _ January 22.eml
EMAIL-086,IT Notifications,05/01/2023,08:00:00 PDT,IT Notifications <it-notifications@cascadetimber.com>,All Staff <allstaff@cascadetimber.com>,,New Laptop Rollout Schedule,Not Responsive,No,No,,<email086.202305010800@cascadetimber.com>,Custodians/IT_Notifications/EMAIL-086_New Laptop Rollout Schedule.eml
EMAIL-087,Human Resources,10/01/2022,08:00:00 PDT,Human Resources <hr@cascadetimber.com>,All Staff <allstaff@cascadetimber.com>,,Open Enrollment Begins October 3,Not Responsive,No,No,,<email087.202210010800@cascadetimber.com>,Custodians/Human_Resources/EMAIL-087_Open Enrollment Begins October 3.eml
EMAIL-088,Human Resources,12/20/2022,08:00:00 PST,Human Resources <hr@cascadetimber.com>,All Staff <allstaff@cascadetimber.com>,,Holiday Office Closure Schedule,Not Responsive,No,No,,<email088.202212200800@cascadetimber.com>,Custodians/Human_Resources/EMAIL-088_Holiday Office Closure Schedule.eml
EMAIL-089,HR,07/03/2023,09:00:00 PDT,HR <hr@alderpointpartners.com>,Broker Network <brokernetwork@alderpointpartners.com>,,Welcome Our New Regional Sales Rep,Not Responsive,No,No,,<email089.202307030900@alderpointpartners.com>,Custodians/HR/EMAIL-089_Welcome Our New Regional Sales Rep.eml
EMAIL-090,Human Resources,02/01/2023,07:00:00 PST,Human Resources <hr@cascadetimber.com>,All Staff <allstaff@cascadetimber.com>,,Winter Storm — Office Closure,Not Responsive,No,No,,<email090.202302010700@cascadetimber.com>,Custodians/Human_Resources/EMAIL-090_Winter Storm _ Office Closure.eml
EMAIL-091,Tom Reyes,09/20/2022,10:00:00 PDT,Deb Sanchez <dsanchez@cascadetimber.com>,Tom Reyes <treyes@alderpointpartners.com>,,Expense Report Approved — September Trip,Not Responsive,No,No,,<email091.202209201000@cascadetimber.com>,Custodians/Tom_Reyes/EMAIL-091_Expense Report Approved _ September Trip.eml
EMAIL-092,Elena Marlowe,11/08/2022,09:15:00 PST,Deb Sanchez <dsanchez@cascadetimber.com>,Elena Marlowe <emarlowe@cascadetimber.com>,,Travel Itinerary Confirmation — NYC Investor Trip,Not Responsive,No,No,,<email092.202211080915@cascadetimber.com>,Custodians/Elena_Marlowe/EMAIL-092_Travel Itinerary Confirmation _ NYC Investor Trip.eml
EMAIL-093,Robert Denniston,01/15/2023,09:00:00 PST,Deb Sanchez <dsanchez@cascadetimber.com>,Robert Denniston <rdenniston@cascadetimber.com>,,Corporate Card Statement Reminder,Not Responsive,No,No,,<email093.202301150900@cascadetimber.com>,Custodians/Robert_Denniston/EMAIL-093_Corporate Card Statement Reminder.eml
EMAIL-094,Sarah Nguyen,05/10/2022,11:00:00 PDT,Deb Sanchez <dsanchez@cascadetimber.com>,Sarah Nguyen <snguyen@cascadetimber.com>,,Conference Registration Confirmed — Compliance Summit,Not Responsive,No,No,,<email094.202205101100@cascadetimber.com>,Custodians/Sarah_Nguyen/EMAIL-094_Conference Registration Confirmed _ Compliance Summit.eml
EMAIL-095,Tom Reyes,04/05/2022,09:30:00 PDT,Tom Reyes <treyes@alderpointpartners.com>,Priya Shah <pshah@alderpointpartners.com>,,Mountain Ridge Reforestation Credit — parcel list,Not Responsive,No,No,,<email095.202204050930@alderpointpartners.com>,Custodians/Tom_Reyes/EMAIL-095_Mountain Ridge Reforestation Credit _ parcel list.eml
EMAIL-096,Priya Shah,04/08/2022,10:15:00 PDT,Priya Shah <pshah@alderpointpartners.com>,Tom Reyes <treyes@alderpointpartners.com>,,RE: Mountain Ridge Reforestation Credit — parcel list,Not Responsive,No,No,,<email096.202204081015@alderpointpartners.com>,Custodians/Priya_Shah/EMAIL-096_RE_ Mountain Ridge Reforestation Credit _ parcel list.eml
EMAIL-097,Jay Whitfield,08/15/2022,13:20:00 PDT,Jay Whitfield <jwhitfield@alderpointpartners.com>,Priya Shah <pshah@alderpointpartners.com>,,Mountain Ridge — broker interest strong,Not Responsive,No,No,,<email097.202208151320@alderpointpartners.com>,Custodians/Jay_Whitfield/EMAIL-097_Mountain Ridge _ broker interest strong.eml
EMAIL-098,Elena Marlowe,05/01/2022,08:30:00 PDT,Elena Marlowe <emarlowe@cascadetimber.com>,Robert Denniston <rdenniston@cascadetimber.com>,,Mountain Ridge Reforestation Credit — Q2 update,Not Responsive,No,No,,<email098.202205010830@cascadetimber.com>,Custodians/Elena_Marlowe/EMAIL-098_Mountain Ridge Reforestation Credit _ Q2 update.eml
EMAIL-099,Priya Shah,01/25/2023,09:40:00 PST,Priya Shah <pshah@alderpointpartners.com>,Jay Whitfield <jwhitfield@alderpointpartners.com>,,Mountain Ridge — year one wrap-up,Not Responsive,No,No,,<email099.202301250940@alderpointpartners.com>,Custodians/Priya_Shah/EMAIL-099_Mountain Ridge _ year one wrap-up.eml
EMAIL-100,Tom Reyes,04/20/2023,11:00:00 PDT,Tom Reyes <treyes@alderpointpartners.com>,Priya Shah <pshah@alderpointpartners.com>,,Mountain Ridge parcel eligibility — all clear,Not Responsive,No,No,,<email100.202304201100@alderpointpartners.com>,Custodians/Tom_Reyes/EMAIL-100_Mountain Ridge parcel eligibility _ all clear.eml
EMAIL-101,Tom Reyes,05/20/2022,12:00:00 PDT,Tom Reyes <treyes@alderpointpartners.com>,Priya Shah <pshah@alderpointpartners.com>,,Lunch Thursday?,Not Responsive,No,No,,<email101.202205201200@alderpointpartners.com>,Custodians/Tom_Reyes/EMAIL-101_Lunch Thursday_.eml
EMAIL-102,Jay Whitfield,06/01/2022,09:10:00 PDT,Jay Whitfield <jwhitfield@alderpointpartners.com>,Priya Shah <pshah@alderpointpartners.com>,,Congrats on the Cascade deal!,Not Responsive,No,No,,<email102.202206010910@alderpointpartners.com>,Custodians/Jay_Whitfield/EMAIL-102_Congrats on the Cascade deal_.eml
EMAIL-103,Elena Marlowe,08/10/2022,15:00:00 PDT,Elena Marlowe <emarlowe@cascadetimber.com>,Robert Denniston <rdenniston@cascadetimber.com>,,Client dinner — Thursday,Not Responsive,No,No,,<email103.202208101500@cascadetimber.com>,Custodians/Elena_Marlowe/EMAIL-103_Client dinner _ Thursday.eml
EMAIL-104,Derek Holt,10/10/2022,09:00:00 MDT,Derek Holt <dholt@bellhavenadvisory.com>,Tom Reyes <treyes@alderpointpartners.com>,,Good seeing you at the conference,Not Responsive,No,No,,<email104.202210100900@bellhavenadvisory.com>,Custodians/Derek_Holt/EMAIL-104_Good seeing you at the conference.eml
EMAIL-105,Sarah Nguyen,11/20/2022,10:30:00 PST,Sarah Nguyen <snguyen@cascadetimber.com>,John Ellery <jellery@cascadetimber.com>,,Volunteer Day sign-up,Not Responsive,No,No,,<email105.202211201030@cascadetimber.com>,Custodians/Sarah_Nguyen/EMAIL-105_Volunteer Day sign-up.eml
EMAIL-106,Priya Shah,01/15/2023,08:45:00 PST,Priya Shah <pshah@alderpointpartners.com>,Tom Reyes <treyes@alderpointpartners.com>,,Office parking notice,Not Responsive,No,No,,<email106.202301150845@alderpointpartners.com>,Custodians/Priya_Shah/EMAIL-106_Office parking notice.eml
EMAIL-107,Facilities,03/01/2023,08:00:00 PST,Facilities <facilities@cascadetimber.com>,All Staff <allstaff@cascadetimber.com>,,Elevator Maintenance — Portland HQ,Not Responsive,No,No,,<email107.202303010800@cascadetimber.com>,Custodians/Facilities/EMAIL-107_Elevator Maintenance _ Portland HQ.eml
EMAIL-108,Grace Lin,04/15/2023,17:30:00 PDT,Grace Lin <glin@llassociates.com>,John Ellery <jellery@cascadetimber.com>,,Great catching up at the bar association event,Not Responsive,No,No,,<email108.202304151730@llassociates.com>,Custodians/Grace_Lin/EMAIL-108_Great catching up at the bar association event.eml
EMAIL-109,Tom Reyes,05/05/2023,13:15:00 PDT,Tom Reyes <treyes@alderpointpartners.com>,Priya Shah <pshah@alderpointpartners.com>,,Office fantasy football pool,Not Responsive,No,No,,<email109.202305051315@alderpointpartners.com>,Custodians/Tom_Reyes/EMAIL-109_Office fantasy football pool.eml
EMAIL-110,Wendy Park,06/01/2023,08:00:00 PDT,Wendy Park <wpark@cascadetimber.com>,All Staff <allstaff@cascadetimber.com>,,Happy Birthday to Our June Team Members!,Not Responsive,No,No,,<email110.202306010800@cascadetimber.com>,Custodians/Wendy_Park/EMAIL-110_Happy Birthday to Our June Team Members_.eml
EMAIL-111,Elena Marlowe,07/10/2023,08:15:00 PDT,Deb Sanchez <dsanchez@cascadetimber.com>,Elena Marlowe <emarlowe@cascadetimber.com>,,Industry coverage — coastal credit programs,Not Responsive,No,No,,<email111.202307100815@cascadetimber.com>,Custodians/Elena_Marlowe/EMAIL-111_Industry coverage _ coastal credit programs.eml
EMAIL-112,Elena Marlowe,07/10/2023,09:02:00 PDT,Elena Marlowe <emarlowe@cascadetimber.com>,Deb Sanchez <dsanchez@cascadetimber.com>,,RE: Industry coverage — coastal credit programs,Not Responsive,No,No,,<email112.202307100902@cascadetimber.com>,Custodians/Elena_Marlowe/EMAIL-112_RE_ Industry coverage _ coastal credit programs.eml
EMAIL-113,Tom Reyes,07/12/2023,16:40:00 PDT,Tom Reyes <treyes@alderpointpartners.com>,Priya Shah <pshah@alderpointpartners.com>,,Southern tracts file — need it before Friday,Routine,No,No,,<email113.202307121640@alderpointpartners.com>,Custodians/Tom_Reyes/EMAIL-113_Southern tracts file _ need it before Friday.eml
EMAIL-114,Priya Shah,07/13/2023,08:25:00 PDT,Priya Shah <pshah@alderpointpartners.com>,Tom Reyes <treyes@alderpointpartners.com>,,RE: Southern tracts file — need it before Friday,Routine,No,No,,<email114.202307130825@alderpointpartners.com>,Custodians/Priya_Shah/EMAIL-114_RE_ Southern tracts file _ need it before Friday.eml
EMAIL-115,Tom Reyes,07/13/2023,09:10:00 PDT,Tom Reyes <treyes@alderpointpartners.com>,Priya Shah <pshah@alderpointpartners.com>,,RE: Southern tracts file — need it before Friday,Knowledge/Scienter,No,No,,<email115.202307130910@alderpointpartners.com>,Custodians/Tom_Reyes/EMAIL-115_RE_ Southern tracts file _ need it before Friday.eml
EMAIL-116,Jay Whitfield,07/14/2023,11:05:00 PDT,Jay Whitfield <jwhitfield@alderpointpartners.com>,Tom Reyes <treyes@alderpointpartners.com>,,County recorder flagged a couple filings,Routine,No,No,,<email116.202307141105@alderpointpartners.com>,Custodians/Jay_Whitfield/EMAIL-116_County recorder flagged a couple filings.eml
EMAIL-117,Tom Reyes,07/14/2023,13:30:00 PDT,Tom Reyes <treyes@alderpointpartners.com>,Jay Whitfield <jwhitfield@alderpointpartners.com>,,RE: County recorder flagged a couple filings,Not Responsive,No,No,,<email117.202307141330@alderpointpartners.com>,Custodians/Tom_Reyes/EMAIL-117_RE_ County recorder flagged a couple filings.eml
EMAIL-118,John Ellery,07/17/2023,09:30:00 PDT,John Ellery <jellery@cascadetimber.com>,Elena Marlowe <emarlowe@cascadetimber.com>,Robert Denniston <rdenniston@cascadetimber.com>,Coastal Solar — examination strategy and fall pricing,Privileged Legal Advice,Yes,No,,<email118.202307170930@cascadetimber.com>,Custodians/John_Ellery/EMAIL-118_Coastal Solar _ examination strategy and fall pricing.eml
EMAIL-119,Elena Marlowe,07/17/2023,11:15:00 PDT,Elena Marlowe <emarlowe@cascadetimber.com>,John Ellery <jellery@cascadetimber.com>,Robert Denniston <rdenniston@cascadetimber.com>,RE: Coastal Solar — examination strategy and fall pricing,Privileged Legal Advice,Yes,No,,<email119.202307171115@cascadetimber.com>,Custodians/Elena_Marlowe/EMAIL-119_RE_ Coastal Solar _ examination strategy and fall pricing.eml
EMAIL-120,Hannah Cole,07/18/2023,10:00:00 PDT,John Ellery <jellery@cascadetimber.com>,Hannah Cole <hcole@cascadetimber.com>,,Confidential — records needed for counsel's legal review,Privileged Legal Advice,Yes,No,,<email120.202307181000@cascadetimber.com>,Custodians/Hannah_Cole/EMAIL-120_Confidential _ records needed for counsel_s legal review.eml
EMAIL-121,Hannah Cole,07/18/2023,14:45:00 PDT,Hannah Cole <hcole@cascadetimber.com>,John Ellery <jellery@cascadetimber.com>,,RE: Confidential — records needed for counsel's legal review,Privileged Legal Advice,Yes,No,,<email121.202307181445@cascadetimber.com>,Custodians/Hannah_Cole/EMAIL-121_RE_ Confidential _ records needed for counsel_s legal review.eml
EMAIL-122,John Ellery,07/19/2023,09:20:00 PDT,John Ellery <jellery@cascadetimber.com>,Hannah Cole <hcole@cascadetimber.com>,,RE: Confidential — records needed for counsel's legal review,Privileged Legal Advice,Yes,No,,<email122.202307190920@cascadetimber.com>,Custodians/John_Ellery/EMAIL-122_RE_ Confidential _ records needed for counsel_s legal review.eml
EMAIL-123,John Ellery,07/19/2023,13:00:00 PDT,John Ellery <jellery@cascadetimber.com>,Wendy Park <wpark@cascadetimber.com>,,Review team war room — logistics,Routine,No,No,,<email123.202307191300@cascadetimber.com>,Custodians/John_Ellery/EMAIL-123_Review team war room _ logistics.eml
EMAIL-124,Wendy Park,07/19/2023,14:10:00 PDT,Wendy Park <wpark@cascadetimber.com>,John Ellery <jellery@cascadetimber.com>,,RE: Review team war room — logistics,Routine,No,No,,<email124.202307191410@cascadetimber.com>,Custodians/Wendy_Park/EMAIL-124_RE_ Review team war room _ logistics.eml
EMAIL-125,Dan Osei,07/21/2023,12:05:00 PDT,Dan Osei <dosei@cascadetimber.com>,John Ellery <jellery@cascadetimber.com>,,Summer barbecue,Not Responsive,No,No,,<email125.202307211205@cascadetimber.com>,Custodians/Dan_Osei/EMAIL-125_Summer barbecue.eml
EMAIL-126,John Ellery,07/21/2023,12:40:00 PDT,John Ellery <jellery@cascadetimber.com>,Dan Osei <dosei@cascadetimber.com>,,RE: Summer barbecue,Not Responsive,No,No,,<email126.202307211240@cascadetimber.com>,Custodians/John_Ellery/EMAIL-126_RE_ Summer barbecue.eml
EMAIL-127,Grace Lin,07/20/2023,16:30:00 PDT,Mia Chen <mchen@llassociates.com>,Grace Lin <glin@llassociates.com>,,Draft chronology and risk analysis — Coastal Solar,Privileged Work Product,Yes,No,,<email127.202307201630@llassociates.com>,Custodians/Grace_Lin/EMAIL-127_Draft chronology and risk analysis _ Coastal Solar.eml
EMAIL-128,Grace Lin,07/21/2023,10:15:00 PDT,Grace Lin <glin@llassociates.com>,Mia Chen <mchen@llassociates.com>,,RE: Draft chronology and risk analysis — Coastal Solar,Privileged Work Product,Yes,No,,<email128.202307211015@llassociates.com>,Custodians/Grace_Lin/EMAIL-128_RE_ Draft chronology and risk analysis _ Coastal Solar.eml
EMAIL-129,Alan Brooks,07/24/2023,17:00:00 PDT,Alan Brooks <abrooks@llassociates.com>,Grace Lin <glin@llassociates.com>,,Witness interview memo — H. Cole (7/21),Privileged Work Product,Yes,No,Privileged_Witness_Interview_Memo_Cole.pdf,<email129.202307241700@llassociates.com>,Custodians/Alan_Brooks/EMAIL-129_Witness interview memo _ H. Cole (7_21).eml
EMAIL-130,Alan Brooks,07/25/2023,09:40:00 PDT,Grace Lin <glin@llassociates.com>,Alan Brooks <abrooks@llassociates.com>,,RE: Witness interview memo — H. Cole (7/21),Privileged Work Product,Yes,No,,<email130.202307250940@llassociates.com>,Custodians/Alan_Brooks/EMAIL-130_RE_ Witness interview memo _ H. Cole (7_21).eml
EMAIL-131,Wendy Park,07/25/2023,11:20:00 PDT,Wendy Park <wpark@cascadetimber.com>,Elena Marlowe <emarlowe@cascadetimber.com>,Robert Denniston <rdenniston@cascadetimber.com>,HR investigation report — Salem office complaint,Routine,No,No,,<email131.202307251120@cascadetimber.com>,Custodians/Wendy_Park/EMAIL-131_HR investigation report _ Salem office complaint.eml
EMAIL-132,Elena Marlowe,07/25/2023,15:00:00 PDT,Elena Marlowe <emarlowe@cascadetimber.com>,Wendy Park <wpark@cascadetimber.com>,,RE: HR investigation report — Salem office complaint,Routine,No,No,,<email132.202307251500@cascadetimber.com>,Custodians/Elena_Marlowe/EMAIL-132_RE_ HR investigation report _ Salem office complaint.eml
EMAIL-133,Wendy Park,07/26/2023,09:30:00 PDT,Wendy Park <wpark@cascadetimber.com>,Elena Marlowe <emarlowe@cascadetimber.com>,,RE: HR investigation report — Salem office complaint,Routine,No,No,,<email133.202307260930@cascadetimber.com>,Custodians/Wendy_Park/EMAIL-133_RE_ HR investigation report _ Salem office complaint.eml
EMAIL-134,Alan Brooks,08/02/2023,15:45:00 PDT,Alan Brooks <abrooks@llassociates.com>,Grace Lin <glin@llassociates.com>,,Interview notes — S. Nguyen (8/1),Privileged Work Product,Yes,No,,<email134.202308021545@llassociates.com>,Custodians/Alan_Brooks/EMAIL-134_Interview notes _ S. Nguyen (8_1).eml
EMAIL-135,Alan Brooks,08/03/2023,10:05:00 PDT,Grace Lin <glin@llassociates.com>,Alan Brooks <abrooks@llassociates.com>,,RE: Interview notes — S. Nguyen (8/1),Privileged Work Product,Yes,No,,<email135.202308031005@llassociates.com>,Custodians/Alan_Brooks/EMAIL-135_RE_ Interview notes _ S. Nguyen (8_1).eml
EMAIL-136,Grace Lin,08/04/2023,14:20:00 PDT,Mia Chen <mchen@llassociates.com>,Grace Lin <glin@llassociates.com>,,Exposure analysis — attorney assessment,Privileged Work Product,Yes,No,,<email136.202308041420@llassociates.com>,Custodians/Grace_Lin/EMAIL-136_Exposure analysis _ attorney assessment.eml
EMAIL-137,Grace Lin,07/27/2023,10:30:00 PDT,Grace Lin <glin@llassociates.com>,Dana Whitaker <dwhitaker@whitakerforensic.com>,,Engagement — forensic accounting support for counsel,Privileged Legal Advice,Yes,No,Kovel_Engagement_Whitaker_Forensic.pdf,<email137.202307271030@llassociates.com>,Custodians/Grace_Lin/EMAIL-137_Engagement _ forensic accounting support for counsel.eml
EMAIL-138,Grace Lin,07/28/2023,09:15:00 PDT,Dana Whitaker <dwhitaker@whitakerforensic.com>,Grace Lin <glin@llassociates.com>,,RE: Engagement — forensic accounting support for counsel,Privileged Legal Advice,Yes,No,,<email138.202307280915@whitakerforensic.com>,Custodians/Grace_Lin/EMAIL-138_RE_ Engagement _ forensic accounting support for counsel.eml
EMAIL-139,Alan Brooks,08/07/2023,11:00:00 PDT,Alan Brooks <abrooks@llassociates.com>,Dana Whitaker <dwhitaker@whitakerforensic.com>,Grace Lin <glin@llassociates.com>,Data transmittal — parcel payment records,Privileged Legal Advice,Yes,No,,<email139.202308071100@llassociates.com>,Custodians/Alan_Brooks/EMAIL-139_Data transmittal _ parcel payment records.eml
EMAIL-140,Grace Lin,08/14/2023,16:45:00 PDT,Dana Whitaker <dwhitaker@whitakerforensic.com>,Grace Lin <glin@llassociates.com>,Alan Brooks <abrooks@llassociates.com>,Preliminary findings — parcel payment tracing,Privileged Legal Advice,Yes,No,Whitaker_Parcel_Payment_Analysis.xlsx,<email140.202308141645@whitakerforensic.com>,Custodians/Grace_Lin/EMAIL-140_Preliminary findings _ parcel payment tracing.eml
EMAIL-141,John Ellery,08/16/2023,09:30:00 PDT,Grace Lin <glin@llassociates.com>,John Ellery <jellery@cascadetimber.com>,,Forensic accountant findings — privileged summary,Privileged Legal Advice,Yes,No,,<email141.202308160930@llassociates.com>,Custodians/John_Ellery/EMAIL-141_Forensic accountant findings _ privileged summary.eml
EMAIL-142,Craig Sato,08/01/2023,09:00:00 PDT,Craig Sato <csato@cascadetimber.com>,Owen Larsen <olarsen@larsentaxadvisory.com>,,Q3 tax provision support,Routine,No,No,,<email142.202308010900@cascadetimber.com>,Custodians/Craig_Sato/EMAIL-142_Q3 tax provision support.eml
EMAIL-143,Craig Sato,08/01/2023,14:30:00 PDT,Owen Larsen <olarsen@larsentaxadvisory.com>,Craig Sato <csato@cascadetimber.com>,,RE: Q3 tax provision support,Routine,No,No,,<email143.202308011430@larsentaxadvisory.com>,Custodians/Craig_Sato/EMAIL-143_RE_ Q3 tax provision support.eml
EMAIL-144,Craig Sato,08/22/2023,10:45:00 PDT,Owen Larsen <olarsen@larsentaxadvisory.com>,Craig Sato <csato@cascadetimber.com>,,Q3 provision memo — final,Routine,No,No,Larsen_Q3_Provision_Memo.pdf,<email144.202308221045@larsentaxadvisory.com>,Custodians/Craig_Sato/EMAIL-144_Q3 provision memo _ final.eml
EMAIL-145,John Ellery,08/22/2023,16:10:00 PDT,Craig Sato <csato@cascadetimber.com>,John Ellery <jellery@cascadetimber.com>,,FW: Q3 provision memo — final,Routine,No,No,,<email145.202308221610@cascadetimber.com>,Custodians/John_Ellery/EMAIL-145_FW_ Q3 provision memo _ final.eml
EMAIL-146,John Ellery,08/03/2023,11:30:00 PDT,Frank Delgado <fdelgado@cascadetimber.com>,John Ellery <jellery@cascadetimber.com>,,PR support for investor messaging — how should we structure it?,Privileged Legal Advice,Yes,No,,<email146.202308031130@cascadetimber.com>,Custodians/John_Ellery/EMAIL-146_PR support for investor messaging _ how should we structure .eml
EMAIL-147,John Ellery,08/03/2023,15:00:00 PDT,John Ellery <jellery@cascadetimber.com>,Frank Delgado <fdelgado@cascadetimber.com>,,RE: PR support for investor messaging — how should we structure it?,Privileged Legal Advice,Yes,No,,<email147.202308031500@cascadetimber.com>,Custodians/John_Ellery/EMAIL-147_RE_ PR support for investor messaging _ how should we struct.eml
EMAIL-148,Frank Delgado,08/04/2023,10:20:00 PDT,Frank Delgado <fdelgado@cascadetimber.com>,Rosa Kim <rkim@northstar-comms.com>,,Investor messaging — Coastal Solar pause,Key Stakeholder Comms,No,No,,<email148.202308041020@cascadetimber.com>,Custodians/Frank_Delgado/EMAIL-148_Investor messaging _ Coastal Solar pause.eml
EMAIL-149,Frank Delgado,08/08/2023,09:45:00 EDT,Rosa Kim <rkim@northstar-comms.com>,Frank Delgado <fdelgado@cascadetimber.com>,,RE: Investor messaging — Coastal Solar pause,Key Stakeholder Comms,No,No,Northstar_Coastal_Solar_Pause_OnePager.pdf,<email149.202308080945@northstar-comms.com>,Custodians/Frank_Delgado/EMAIL-149_RE_ Investor messaging _ Coastal Solar pause.eml
EMAIL-150,Priya Shah,08/09/2023,10:00:00 MDT,Renee Ford <rford@bellhavenadvisory.com>,Priya Shah <pshah@alderpointpartners.com>,,Placement timeline — checking in,Routine,No,No,,<email150.202308091000@bellhavenadvisory.com>,Custodians/Priya_Shah/EMAIL-150_Placement timeline _ checking in.eml
EMAIL-151,John Ellery,08/09/2023,11:45:00 PDT,Priya Shah <pshah@alderpointpartners.com>,John Ellery <jellery@cascadetimber.com>,,FW: Placement timeline — checking in,Routine,No,No,,<email151.202308091145@alderpointpartners.com>,Custodians/John_Ellery/EMAIL-151_FW_ Placement timeline _ checking in.eml
EMAIL-152,Dan Osei,08/10/2023,08:30:00 PDT,IT Notifications <it-notifications@cascadetimber.com>,Dan Osei <dosei@cascadetimber.com>,,Export job complete — mailbox batch 7,Not Responsive,No,No,,<email152.202308100830@cascadetimber.com>,Custodians/Dan_Osei/EMAIL-152_Export job complete _ mailbox batch 7.eml
EMAIL-153,John Ellery,08/10/2023,09:00:00 PDT,Dan Osei <dosei@cascadetimber.com>,John Ellery <jellery@cascadetimber.com>,,FW: Export job complete — mailbox batch 7,Routine,No,No,,<email153.202308100900@cascadetimber.com>,Custodians/John_Ellery/EMAIL-153_FW_ Export job complete _ mailbox batch 7.eml
EMAIL-154,Sarah Nguyen,08/10/2023,13:15:00 PDT,Tom Reyes <treyes@alderpointpartners.com>,Sarah Nguyen <snguyen@cascadetimber.com>,,Parcel file inventory — 2022 submissions,Routine,No,No,,<email154.202308101315@alderpointpartners.com>,Custodians/Sarah_Nguyen/EMAIL-154_Parcel file inventory _ 2022 submissions.eml
EMAIL-155,John Ellery,08/10/2023,14:00:00 PDT,Sarah Nguyen <snguyen@cascadetimber.com>,John Ellery <jellery@cascadetimber.com>,,FW: Parcel file inventory — 2022 submissions,Routine,No,No,,<email155.202308101400@cascadetimber.com>,Custodians/John_Ellery/EMAIL-155_FW_ Parcel file inventory _ 2022 submissions.eml
EMAIL-156,John Ellery,08/11/2023,09:30:00 PDT,John Ellery <jellery@cascadetimber.com>,Sarah Nguyen <snguyen@cascadetimber.com>,,RE: FW: Parcel file inventory — 2022 submissions,Routine,No,No,,<email156.202308110930@cascadetimber.com>,Custodians/John_Ellery/EMAIL-156_RE_ FW_ Parcel file inventory _ 2022 submissions.eml
EMAIL-157,Sarah Nguyen,08/11/2023,10:00:00 PDT,Sarah Nguyen <snguyen@cascadetimber.com>,Tom Reyes <treyes@alderpointpartners.com>,,RE: Parcel file inventory — 2022 submissions,Routine,No,No,,<email157.202308111000@cascadetimber.com>,Custodians/Sarah_Nguyen/EMAIL-157_RE_ Parcel file inventory _ 2022 submissions.eml
EMAIL-158,John Ellery,07/05/2023,10:30:00 EDT,Kevin Tran <kevin.tran@irs.gov>,John Ellery <jellery@cascadetimber.com>,,Coastal Solar examination — production schedule,Routine,No,No,,<email158.202307051030@irs.gov>,Custodians/John_Ellery/EMAIL-158_Coastal Solar examination _ production schedule.eml
EMAIL-159,John Ellery,07/06/2023,09:00:00 PDT,John Ellery <jellery@cascadetimber.com>,Kevin Tran <kevin.tran@irs.gov>,,RE: Coastal Solar examination — production schedule,Routine,No,No,,<email159.202307060900@cascadetimber.com>,Custodians/John_Ellery/EMAIL-159_RE_ Coastal Solar examination _ production schedule.eml
EMAIL-160,John Ellery,08/15/2023,11:00:00 EDT,Kevin Tran <kevin.tran@irs.gov>,John Ellery <jellery@cascadetimber.com>,,Coastal Solar examination — follow-up requests,Routine,No,No,,<email160.202308151100@irs.gov>,Custodians/John_Ellery/EMAIL-160_Coastal Solar examination _ follow-up requests.eml
EMAIL-161,John Ellery,08/17/2023,14:20:00 PDT,John Ellery <jellery@cascadetimber.com>,Kevin Tran <kevin.tran@irs.gov>,,RE: Coastal Solar examination — follow-up requests,Routine,No,No,,<email161.202308171420@cascadetimber.com>,Custodians/John_Ellery/EMAIL-161_RE_ Coastal Solar examination _ follow-up requests.eml
EMAIL-162,John Ellery,09/06/2023,10:15:00 EDT,Kevin Tran <kevin.tran@irs.gov>,John Ellery <jellery@cascadetimber.com>,,Coastal Solar examination — production received,Routine,No,No,,<email162.202309061015@irs.gov>,Custodians/John_Ellery/EMAIL-162_Coastal Solar examination _ production received.eml
EMAIL-163,John Ellery,03/02/2023,09:45:00 PST,Sarah Nguyen <snguyen@cascadetimber.com>,John Ellery <jellery@cascadetimber.com>,,Interview scheduling — whistleblower counsel,Routine,No,No,,<email163.202303020945@cascadetimber.com>,Custodians/John_Ellery/EMAIL-163_Interview scheduling _ whistleblower counsel.eml
EMAIL-164,John Ellery,03/02/2023,13:30:00 PST,John Ellery <jellery@cascadetimber.com>,Sarah Nguyen <snguyen@cascadetimber.com>,,RE: Interview scheduling — whistleblower counsel,Routine,No,No,,<email164.202303021330@cascadetimber.com>,Custodians/John_Ellery/EMAIL-164_RE_ Interview scheduling _ whistleblower counsel.eml
EMAIL-165,Sarah Nguyen,03/06/2023,10:00:00 PST,Alan Brooks <abrooks@llassociates.com>,Sarah Nguyen <snguyen@cascadetimber.com>,,Compliance team interviews — scheduling,Routine,No,No,,<email165.202303061000@llassociates.com>,Custodians/Sarah_Nguyen/EMAIL-165_Compliance team interviews _ scheduling.eml
EMAIL-166,Sarah Nguyen,03/06/2023,15:45:00 PST,Sarah Nguyen <snguyen@cascadetimber.com>,Alan Brooks <abrooks@llassociates.com>,,RE: Compliance team interviews — scheduling,Routine,No,No,,<email166.202303061545@cascadetimber.com>,Custodians/Sarah_Nguyen/EMAIL-166_RE_ Compliance team interviews _ scheduling.eml
EMAIL-167,Elena Marlowe,04/03/2023,09:00:00 PDT,Marcus Webb <mwebb@cascadetimber.com>,John Ellery <jellery@cascadetimber.com>,Elena Marlowe <emarlowe@cascadetimber.com>,D&O notice — whistleblower complaint,Privileged Legal Advice,Yes,No,,<email167.202304030900@cascadetimber.com>,Custodians/Elena_Marlowe/EMAIL-167_D&O notice _ whistleblower complaint.eml
EMAIL-168,John Ellery,04/03/2023,14:30:00 PDT,John Ellery <jellery@cascadetimber.com>,Marcus Webb <mwebb@cascadetimber.com>,Elena Marlowe <emarlowe@cascadetimber.com>,RE: D&O notice — whistleblower complaint,Privileged Legal Advice,Yes,No,,<email168.202304031430@cascadetimber.com>,Custodians/John_Ellery/EMAIL-168_RE_ D&O notice _ whistleblower complaint.eml
EMAIL-169,Elena Marlowe,04/04/2023,10:20:00 PDT,Elena Marlowe <emarlowe@cascadetimber.com>,John Ellery <jellery@cascadetimber.com>,,Pause scenarios — executive session,Privileged Legal Advice,Yes,No,,<email169.202304041020@cascadetimber.com>,Custodians/Elena_Marlowe/EMAIL-169_Pause scenarios _ executive session.eml
EMAIL-170,John Ellery,04/04/2023,16:00:00 PDT,John Ellery <jellery@cascadetimber.com>,Elena Marlowe <emarlowe@cascadetimber.com>,Marcus Webb <mwebb@cascadetimber.com>,RE: Pause scenarios — executive session,Privileged Legal Advice,Yes,No,,<email170.202304041600@cascadetimber.com>,Custodians/John_Ellery/EMAIL-170_RE_ Pause scenarios _ executive session.eml
EMAIL-171,Elena Marlowe,06/29/2023,09:30:00 PDT,Marcus Webb <mwebb@cascadetimber.com>,Elena Marlowe <emarlowe@cascadetimber.com>,John Ellery <jellery@cascadetimber.com>,Board resolution — placement pause (draft),Privileged Legal Advice,Yes,No,,<email171.202306290930@cascadetimber.com>,Custodians/Elena_Marlowe/EMAIL-171_Board resolution _ placement pause (draft).eml
EMAIL-172,John Ellery,06/29/2023,15:45:00 PDT,John Ellery <jellery@cascadetimber.com>,Marcus Webb <mwebb@cascadetimber.com>,Elena Marlowe <emarlowe@cascadetimber.com>,RE: Board resolution — placement pause (draft),Privileged Legal Advice,Yes,No,,<email172.202306291545@cascadetimber.com>,Custodians/John_Ellery/EMAIL-172_RE_ Board resolution _ placement pause (draft).eml
EMAIL-173,Priya Shah,02/03/2022,10:10:00 PST,Priya Shah <pshah@alderpointpartners.com>,Jay Whitfield <jwhitfield@alderpointpartners.com>,,Southwest broker pipeline,Routine,No,No,,<email173.202202031010@alderpointpartners.com>,Custodians/Priya_Shah/EMAIL-173_Southwest broker pipeline.eml
EMAIL-174,Jay Whitfield,02/04/2022,09:25:00 PST,Jay Whitfield <jwhitfield@alderpointpartners.com>,Priya Shah <pshah@alderpointpartners.com>,,RE: Southwest broker pipeline,Routine,No,No,,<email174.202202040925@alderpointpartners.com>,Custodians/Jay_Whitfield/EMAIL-174_RE_ Southwest broker pipeline.eml
EMAIL-175,Tom Reyes,03/15/2022,11:30:00 PDT,Tom Reyes <treyes@alderpointpartners.com>,Nina Alvarez <nalvarez@alderpointpartners.com>,,Parcel scouting — Klamath County,Routine,No,No,,<email175.202203151130@alderpointpartners.com>,Custodians/Tom_Reyes/EMAIL-175_Parcel scouting _ Klamath County.eml
EMAIL-176,Nina Alvarez,03/16/2022,08:50:00 PDT,Nina Alvarez <nalvarez@alderpointpartners.com>,Tom Reyes <treyes@alderpointpartners.com>,,RE: Parcel scouting — Klamath County,Routine,No,No,,<email176.202203160850@alderpointpartners.com>,Custodians/Nina_Alvarez/EMAIL-176_RE_ Parcel scouting _ Klamath County.eml
EMAIL-177,Derek Holt,05/04/2022,14:00:00 PDT,Priya Shah <pshah@alderpointpartners.com>,Derek Holt <dholt@bellhavenadvisory.com>,,Broker onboarding — marketing materials,Routine,No,No,,<email177.202205041400@alderpointpartners.com>,Custodians/Derek_Holt/EMAIL-177_Broker onboarding _ marketing materials.eml
EMAIL-178,Derek Holt,05/05/2022,10:35:00 MDT,Derek Holt <dholt@bellhavenadvisory.com>,Priya Shah <pshah@alderpointpartners.com>,,RE: Broker onboarding — marketing materials,Routine,No,No,,<email178.202205051035@bellhavenadvisory.com>,Custodians/Derek_Holt/EMAIL-178_RE_ Broker onboarding _ marketing materials.eml
EMAIL-179,Tom Reyes,06/20/2022,09:15:00 PDT,Tom Reyes <treyes@alderpointpartners.com>,GreenAcre Land Survey Co. <surveys@greenacresurvey.com>,,Survey quote — additional parcels,Routine,No,No,,<email179.202206200915@alderpointpartners.com>,Custodians/Tom_Reyes/EMAIL-179_Survey quote _ additional parcels.eml
EMAIL-180,Tom Reyes,06/21/2022,13:40:00 PDT,GreenAcre Land Survey Co. <surveys@greenacresurvey.com>,Tom Reyes <treyes@alderpointpartners.com>,,RE: Survey quote — additional parcels,Routine,No,No,,<email180.202206211340@greenacresurvey.com>,Custodians/Tom_Reyes/EMAIL-180_RE_ Survey quote _ additional parcels.eml
EMAIL-181,Derek Holt,08/09/2022,10:50:00 PDT,Jay Whitfield <jwhitfield@alderpointpartners.com>,Derek Holt <dholt@bellhavenadvisory.com>,,Co-marketing webinar — August,Routine,No,No,,<email181.202208091050@alderpointpartners.com>,Custodians/Derek_Holt/EMAIL-181_Co-marketing webinar _ August.eml
EMAIL-182,Derek Holt,08/10/2022,11:20:00 MDT,Derek Holt <dholt@bellhavenadvisory.com>,Jay Whitfield <jwhitfield@alderpointpartners.com>,,RE: Co-marketing webinar — August,Routine,No,No,,<email182.202208101120@bellhavenadvisory.com>,Custodians/Derek_Holt/EMAIL-182_RE_ Co-marketing webinar _ August.eml
EMAIL-183,Priya Shah,10/18/2022,15:30:00 PDT,Priya Shah <pshah@alderpointpartners.com>,Tom Reyes <treyes@alderpointpartners.com>,,Q4 placement targets,Routine,No,No,,<email183.202210181530@alderpointpartners.com>,Custodians/Priya_Shah/EMAIL-183_Q4 placement targets.eml
EMAIL-184,Tom Reyes,10/19/2022,09:05:00 PDT,Tom Reyes <treyes@alderpointpartners.com>,Priya Shah <pshah@alderpointpartners.com>,,RE: Q4 placement targets,Red Flag,No,No,,<email184.202210190905@alderpointpartners.com>,Custodians/Tom_Reyes/EMAIL-184_RE_ Q4 placement targets.eml
EMAIL-185,Elena Marlowe,01/24/2022,10:40:00 PST,Sarah Nguyen <snguyen@cascadetimber.com>,Elena Marlowe <emarlowe@cascadetimber.com>,,Compliance framework — program launch,Routine,No,No,,<email185.202201241040@cascadetimber.com>,Custodians/Elena_Marlowe/EMAIL-185_Compliance framework _ program launch.eml
EMAIL-186,Elena Marlowe,01/25/2022,09:15:00 PST,Elena Marlowe <emarlowe@cascadetimber.com>,Sarah Nguyen <snguyen@cascadetimber.com>,,RE: Compliance framework — program launch,Routine,No,No,,<email186.202201250915@cascadetimber.com>,Custodians/Elena_Marlowe/EMAIL-186_RE_ Compliance framework _ program launch.eml
EMAIL-187,Robert Denniston,04/11/2022,14:25:00 PDT,Robert Denniston <rdenniston@cascadetimber.com>,Craig Sato <csato@cascadetimber.com>,,Revenue recognition — credit sales,Routine,No,No,,<email187.202204111425@cascadetimber.com>,Custodians/Robert_Denniston/EMAIL-187_Revenue recognition _ credit sales.eml
EMAIL-188,Craig Sato,04/12/2022,10:30:00 PDT,Craig Sato <csato@cascadetimber.com>,Robert Denniston <rdenniston@cascadetimber.com>,,RE: Revenue recognition — credit sales,Routine,No,No,,<email188.202204121030@cascadetimber.com>,Custodians/Craig_Sato/EMAIL-188_RE_ Revenue recognition _ credit sales.eml
EMAIL-189,Elena Marlowe,07/19/2022,11:00:00 PDT,Frank Delgado <fdelgado@cascadetimber.com>,Elena Marlowe <emarlowe@cascadetimber.com>,,Investor messaging — program growth,Key Stakeholder Comms,No,No,,<email189.202207191100@cascadetimber.com>,Custodians/Elena_Marlowe/EMAIL-189_Investor messaging _ program growth.eml
EMAIL-190,Elena Marlowe,07/20/2022,09:35:00 PDT,Elena Marlowe <emarlowe@cascadetimber.com>,Frank Delgado <fdelgado@cascadetimber.com>,,RE: Investor messaging — program growth,Key Stakeholder Comms,No,No,,<email190.202207200935@cascadetimber.com>,Custodians/Elena_Marlowe/EMAIL-190_RE_ Investor messaging _ program growth.eml
EMAIL-191,Priya Shah,09/26/2022,13:50:00 PDT,Sarah Nguyen <snguyen@cascadetimber.com>,Priya Shah <pshah@alderpointpartners.com>,,Broker oversight — verification process,Knowledge/Scienter,No,No,,<email191.202209261350@cascadetimber.com>,Custodians/Priya_Shah/EMAIL-191_Broker oversight _ verification process.eml
EMAIL-192,Priya Shah,09/27/2022,10:15:00 PDT,Priya Shah <pshah@alderpointpartners.com>,Sarah Nguyen <snguyen@cascadetimber.com>,,RE: Broker oversight — verification process,Due Diligence Failure,No,No,,<email192.202209271015@alderpointpartners.com>,Custodians/Priya_Shah/EMAIL-192_RE_ Broker oversight _ verification process.eml
EMAIL-193,Elena Marlowe,12/05/2022,16:00:00 PST,Robert Denniston <rdenniston@cascadetimber.com>,Elena Marlowe <emarlowe@cascadetimber.com>,,Year-end program revenue,Key Stakeholder Comms,No,No,,<email193.202212051600@cascadetimber.com>,Custodians/Elena_Marlowe/EMAIL-193_Year-end program revenue.eml
EMAIL-194,Elena Marlowe,12/06/2022,09:45:00 PST,Elena Marlowe <emarlowe@cascadetimber.com>,Robert Denniston <rdenniston@cascadetimber.com>,,RE: Year-end program revenue,Key Stakeholder Comms,No,No,,<email194.202212060945@cascadetimber.com>,Custodians/Elena_Marlowe/EMAIL-194_RE_ Year-end program revenue.eml
EMAIL-195,Derek Holt,06/29/2023,11:10:00 PDT,Priya Shah <pshah@alderpointpartners.com>,Derek Holt <dholt@bellhavenadvisory.com>,,Pause logistics — pipeline wind-down,Routine,No,No,,<email195.202306291110@alderpointpartners.com>,Custodians/Derek_Holt/EMAIL-195_Pause logistics _ pipeline wind-down.eml
EMAIL-196,Derek Holt,06/30/2023,09:20:00 MDT,Derek Holt <dholt@bellhavenadvisory.com>,Priya Shah <pshah@alderpointpartners.com>,,RE: Pause logistics — pipeline wind-down,Routine,No,No,,<email196.202306300920@bellhavenadvisory.com>,Custodians/Derek_Holt/EMAIL-196_RE_ Pause logistics _ pipeline wind-down.eml
EMAIL-197,Nina Alvarez,06/28/2023,10:45:00 PDT,Tom Reyes <treyes@alderpointpartners.com>,Nina Alvarez <nalvarez@alderpointpartners.com>,,Open parcel files — handoff,Routine,No,No,,<email197.202306281045@alderpointpartners.com>,Custodians/Nina_Alvarez/EMAIL-197_Open parcel files _ handoff.eml
EMAIL-198,Nina Alvarez,06/29/2023,14:15:00 PDT,Nina Alvarez <nalvarez@alderpointpartners.com>,Tom Reyes <treyes@alderpointpartners.com>,,RE: Open parcel files — handoff,Routine,No,No,,<email198.202306291415@alderpointpartners.com>,Custodians/Nina_Alvarez/EMAIL-198_RE_ Open parcel files _ handoff.eml
EMAIL-199,Elena Marlowe,07/11/2023,10:30:00 PDT,Frank Delgado <fdelgado@cascadetimber.com>,Elena Marlowe <emarlowe@cascadetimber.com>,,Investor FAQ — pause (draft),Key Stakeholder Comms,No,No,,<email199.202307111030@cascadetimber.com>,Custodians/Elena_Marlowe/EMAIL-199_Investor FAQ _ pause (draft).eml
EMAIL-200,Elena Marlowe,07/12/2023,09:50:00 PDT,Elena Marlowe <emarlowe@cascadetimber.com>,Frank Delgado <fdelgado@cascadetimber.com>,,RE: Investor FAQ — pause (draft),Key Stakeholder Comms,No,No,,<email200.202307120950@cascadetimber.com>,Custodians/Elena_Marlowe/EMAIL-200_RE_ Investor FAQ _ pause (draft).eml
EMAIL-201,Robert Denniston,07/19/2023,15:10:00 PDT,Craig Sato <csato@cascadetimber.com>,Robert Denniston <rdenniston@cascadetimber.com>,,Deferred revenue — pause impact,Key Stakeholder Comms,No,No,,<email201.202307191510@cascadetimber.com>,Custodians/Robert_Denniston/EMAIL-201_Deferred revenue _ pause impact.eml
EMAIL-202,Robert Denniston,07/20/2023,10:05:00 PDT,Robert Denniston <rdenniston@cascadetimber.com>,Craig Sato <csato@cascadetimber.com>,,RE: Deferred revenue — pause impact,Key Stakeholder Comms,No,No,,<email202.202307201005@cascadetimber.com>,Custodians/Robert_Denniston/EMAIL-202_RE_ Deferred revenue _ pause impact.eml
EMAIL-203,John Ellery,08/08/2023,11:25:00 PDT,Sarah Nguyen <snguyen@cascadetimber.com>,John Ellery <jellery@cascadetimber.com>,,Compliance remediation plan — outline,Routine,No,No,,<email203.202308081125@cascadetimber.com>,Custodians/John_Ellery/EMAIL-203_Compliance remediation plan _ outline.eml
EMAIL-204,Robert Denniston,05/24/2023,09:10:00 PDT,Elena Marlowe <emarlowe@cascadetimber.com>,Robert Denniston <rdenniston@cascadetimber.com>,,IRS subpoena — heads up,Key Stakeholder Comms,No,No,,<email204.202305240910@cascadetimber.com>,Custodians/Robert_Denniston/EMAIL-204_IRS subpoena _ heads up.eml
EMAIL-205,Robert Denniston,05/24/2023,13:40:00 PDT,Robert Denniston <rdenniston@cascadetimber.com>,Elena Marlowe <emarlowe@cascadetimber.com>,,RE: IRS subpoena — heads up,Key Stakeholder Comms,No,No,,<email205.202305241340@cascadetimber.com>,Custodians/Robert_Denniston/EMAIL-205_RE_ IRS subpoena _ heads up.eml
EMAIL-206,Wendy Park,05/26/2023,10:20:00 PDT,Dan Osei <dosei@cascadetimber.com>,Wendy Park <wpark@cascadetimber.com>,,Mailbox preservation — prep,Routine,No,No,,<email206.202305261020@cascadetimber.com>,Custodians/Wendy_Park/EMAIL-206_Mailbox preservation _ prep.eml
EMAIL-207,Wendy Park,05/26/2023,14:50:00 PDT,Wendy Park <wpark@cascadetimber.com>,Dan Osei <dosei@cascadetimber.com>,,RE: Mailbox preservation — prep,Routine,No,No,,<email207.202305261450@cascadetimber.com>,Custodians/Wendy_Park/EMAIL-207_RE_ Mailbox preservation _ prep.eml
EMAIL-208,John Ellery,04/12/2023,10:35:00 PDT,Grace Lin <glin@llassociates.com>,John Ellery <jellery@cascadetimber.com>,,Staffing — review team,Routine,No,No,,<email208.202304121035@llassociates.com>,Custodians/John_Ellery/EMAIL-208_Staffing _ review team.eml
EMAIL-209,John Ellery,04/12/2023,15:20:00 PDT,John Ellery <jellery@cascadetimber.com>,Grace Lin <glin@llassociates.com>,,RE: Staffing — review team,Routine,No,No,,<email209.202304121520@cascadetimber.com>,Custodians/John_Ellery/EMAIL-209_RE_ Staffing _ review team.eml
EMAIL-210,Sarah Nguyen,06/05/2023,09:55:00 PDT,Mia Chen <mchen@llassociates.com>,Sarah Nguyen <snguyen@cascadetimber.com>,,Interview rooms — week of 6/12,Routine,No,No,,<email210.202306050955@llassociates.com>,Custodians/Sarah_Nguyen/EMAIL-210_Interview rooms _ week of 6_12.eml
EMAIL-211,Sarah Nguyen,06/05/2023,13:10:00 PDT,Sarah Nguyen <snguyen@cascadetimber.com>,Mia Chen <mchen@llassociates.com>,,RE: Interview rooms — week of 6/12,Routine,No,No,,<email211.202306051310@cascadetimber.com>,Custodians/Sarah_Nguyen/EMAIL-211_RE_ Interview rooms _ week of 6_12.eml
EMAIL-212,Robert Denniston,09/12/2022,15:00:00 PDT,Robert Denniston <rdenniston@cascadetimber.com>,Craig Sato <csato@cascadetimber.com>; Deb Sanchez <dsanchez@cascadetimber.com>,,Invite: Q4 Planning Offsite,Not Responsive,No,No,invite.ics,<email212.202209121500@cascadetimber.com>,Custodians/Robert_Denniston/EMAIL-212_Invite_ Q4 Planning Offsite.eml
EMAIL-213,Priya Shah,08/15/2022,11:00:00 PDT,Priya Shah <pshah@alderpointpartners.com>,Tom Reyes <treyes@alderpointpartners.com>; Jay Whitfield <jwhitfield@alderpointpartners.com>; Nina Alvarez <nalvarez@alderpointpartners.com>,,Invite: Broker Webinar — Credit Basics,Not Responsive,No,No,invite.ics,<email213.202208151100@alderpointpartners.com>,Custodians/Priya_Shah/EMAIL-213_Invite_ Broker Webinar _ Credit Basics.eml
EMAIL-214,Sarah Nguyen,10/03/2022,09:30:00 PDT,Sarah Nguyen <snguyen@cascadetimber.com>,Dan Osei <dosei@cascadetimber.com>; Wendy Park <wpark@cascadetimber.com>,,Invite: Annual Compliance Training,Not Responsive,No,No,invite.ics,<email214.202210030930@cascadetimber.com>,Custodians/Sarah_Nguyen/EMAIL-214_Invite_ Annual Compliance Training.eml
EMAIL-215,Wendy Park,07/18/2023,14:00:00 PDT,Wendy Park <wpark@cascadetimber.com>,Dan Osei <dosei@cascadetimber.com>; Sarah Nguyen <snguyen@cascadetimber.com>; Deb Sanchez <dsanchez@cascadetimber.com>,,Invite: Summer Team BBQ,Not Responsive,No,No,invite.ics,<email215.202307181400@cascadetimber.com>,Custodians/Wendy_Park/EMAIL-215_Invite_ Summer Team BBQ.eml
EMAIL-216,Derek Holt,01/02/2023,08:05:00 MST,Renee Ford <rford@bellhavenadvisory.com>,Tom Reyes <treyes@alderpointpartners.com>,,Automatic Reply: Out of Office,Not Responsive,No,No,,<email216.202301020805@bellhavenadvisory.com>,Custodians/Derek_Holt/EMAIL-216_Automatic Reply_ Out of Office.eml
EMAIL-217,Elena Marlowe,12/23/2022,16:45:00 PST,Frank Delgado <fdelgado@cascadetimber.com>,Elena Marlowe <emarlowe@cascadetimber.com>,,Automatic Reply: Out of Office,Not Responsive,No,No,,<email217.202212231645@cascadetimber.com>,Custodians/Elena_Marlowe/EMAIL-217_Automatic Reply_ Out of Office.eml
EMAIL-218,Robert Denniston,03/31/2023,17:20:00 PDT,Craig Sato <csato@cascadetimber.com>,Robert Denniston <rdenniston@cascadetimber.com>,,Automatic Reply: Out of Office,Not Responsive,No,No,,<email218.202303311720@cascadetimber.com>,Custodians/Robert_Denniston/EMAIL-218_Automatic Reply_ Out of Office.eml
EMAIL-219,Elena Marlowe,08/04/2023,12:00:00 PDT,Marcus Webb <mwebb@cascadetimber.com>,Elena Marlowe <emarlowe@cascadetimber.com>,,Automatic Reply: Out of Office,Not Responsive,No,No,,<email219.202308041200@cascadetimber.com>,Custodians/Elena_Marlowe/EMAIL-219_Automatic Reply_ Out of Office.eml
EMAIL-220,IT Notifications,10/10/2022,08:00:00 PDT,IT Notifications <it-notifications@cascadetimber.com>,All Staff <allstaff@cascadetimber.com>,,Scheduled Server Maintenance — October 15,Not Responsive,No,No,,<email220.202210100800@cascadetimber.com>,Custodians/IT_Notifications/EMAIL-220_Scheduled Server Maintenance _ October 15.eml
EMAIL-221,IT Notifications,02/06/2023,08:00:00 PST,IT Notifications <it-notifications@cascadetimber.com>,All Staff <allstaff@cascadetimber.com>,,MFA Enrollment Required by February 20,Not Responsive,No,No,,<email221.202302060800@cascadetimber.com>,Custodians/IT_Notifications/EMAIL-221_MFA Enrollment Required by February 20.eml
EMAIL-222,IT Notifications,04/18/2023,08:00:00 PDT,IT Notifications <it-notifications@cascadetimber.com>,All Staff <allstaff@cascadetimber.com>,,Security Patch — Workstation Reboot Tonight,Not Responsive,No,No,,<email222.202304180800@cascadetimber.com>,Custodians/IT_Notifications/EMAIL-222_Security Patch _ Workstation Reboot Tonight.eml
EMAIL-223,IT Notifications,05/30/2023,08:00:00 PDT,IT Notifications <it-notifications@cascadetimber.com>,All Staff <allstaff@cascadetimber.com>,,Mailbox Storage Limit Warning,Not Responsive,No,No,,<email223.202305300800@cascadetimber.com>,Custodians/IT_Notifications/EMAIL-223_Mailbox Storage Limit Warning.eml
EMAIL-224,Human Resources,06/28/2023,09:00:00 PDT,Human Resources <hr@cascadetimber.com>,All Staff <allstaff@cascadetimber.com>,,Performance Review Cycle Opens July 5,Not Responsive,No,No,,<email224.202306280900@cascadetimber.com>,Custodians/Human_Resources/EMAIL-224_Performance Review Cycle Opens July 5.eml
EMAIL-225,Human Resources,11/07/2022,09:00:00 PST,Human Resources <hr@cascadetimber.com>,All Staff <allstaff@cascadetimber.com>,,Updated Travel & Expense Policy,Not Responsive,No,No,,<email225.202211070900@cascadetimber.com>,Custodians/Human_Resources/EMAIL-225_Updated Travel & Expense Policy.eml
EMAIL-226,Human Resources,01/16/2023,09:00:00 PST,Human Resources <hr@cascadetimber.com>,All Staff <allstaff@cascadetimber.com>,,New Parental Leave Benefit,Not Responsive,No,No,,<email226.202301160900@cascadetimber.com>,Custodians/Human_Resources/EMAIL-226_New Parental Leave Benefit.eml
EMAIL-227,Human Resources,06/30/2023,09:00:00 PDT,Human Resources <hr@cascadetimber.com>,All Staff <allstaff@cascadetimber.com>,,Reminder: Q2 Timesheets Due Today,Not Responsive,No,No,,<email227.202306300900@cascadetimber.com>,Custodians/Human_Resources/EMAIL-227_Reminder_ Q2 Timesheets Due Today.eml
EMAIL-228,Robert Denniston,09/19/2022,10:15:00 PDT,Deb Sanchez <dsanchez@cascadetimber.com>,Robert Denniston <rdenniston@cascadetimber.com>,,Travel Itinerary Confirmation — Denver Broker Meetings,Not Responsive,No,No,,<email228.202209191015@cascadetimber.com>,Custodians/Robert_Denniston/EMAIL-228_Travel Itinerary Confirmation _ Denver Broker Meetings.eml
EMAIL-229,Frank Delgado,02/13/2023,11:30:00 PST,Deb Sanchez <dsanchez@cascadetimber.com>,Frank Delgado <fdelgado@cascadetimber.com>,,Expense Report Rejected — Missing Receipts,Not Responsive,No,No,,<email229.202302131130@cascadetimber.com>,Custodians/Frank_Delgado/EMAIL-229_Expense Report Rejected _ Missing Receipts.eml
EMAIL-230,Elena Marlowe,11/28/2022,14:40:00 PST,Deb Sanchez <dsanchez@cascadetimber.com>,Elena Marlowe <emarlowe@cascadetimber.com>,,Hotel Confirmation — Portland Leadership Offsite,Not Responsive,No,No,,<email230.202211281440@cascadetimber.com>,Custodians/Elena_Marlowe/EMAIL-230_Hotel Confirmation _ Portland Leadership Offsite.eml
EMAIL-231,Dan Osei,06/06/2022,09:20:00 PDT,Deb Sanchez <dsanchez@cascadetimber.com>,Dan Osei <dosei@cascadetimber.com>,,Per Diem Reminder — Field Travel,Not Responsive,No,No,,<email231.202206060920@cascadetimber.com>,Custodians/Dan_Osei/EMAIL-231_Per Diem Reminder _ Field Travel.eml
EMAIL-232,Jay Whitfield,04/19/2022,10:40:00 PDT,Jay Whitfield <jwhitfield@alderpointpartners.com>,Nina Alvarez <nalvarez@alderpointpartners.com>,,Mountain Ridge — spring broker push,Not Responsive,No,No,,<email232.202204191040@alderpointpartners.com>,Custodians/Jay_Whitfield/EMAIL-232_Mountain Ridge _ spring broker push.eml
EMAIL-233,Nina Alvarez,04/20/2022,09:15:00 PDT,Nina Alvarez <nalvarez@alderpointpartners.com>,Jay Whitfield <jwhitfield@alderpointpartners.com>,,RE: Mountain Ridge — spring broker push,Not Responsive,No,No,,<email233.202204200915@alderpointpartners.com>,Custodians/Nina_Alvarez/EMAIL-233_RE_ Mountain Ridge _ spring broker push.eml
EMAIL-234,Tom Reyes,03/14/2023,09:30:00 PDT,Tom Reyes <treyes@alderpointpartners.com>,GreenAcre Land Survey Co. <surveys@greenacresurvey.com>,,Mountain Ridge survey scheduling,Not Responsive,No,No,,<email234.202303140930@alderpointpartners.com>,Custodians/Tom_Reyes/EMAIL-234_Mountain Ridge survey scheduling.eml
EMAIL-235,Tom Reyes,03/15/2023,11:10:00 PDT,GreenAcre Land Survey Co. <surveys@greenacresurvey.com>,Tom Reyes <treyes@alderpointpartners.com>,,RE: Mountain Ridge survey scheduling,Not Responsive,No,No,,<email235.202303151110@greenacresurvey.com>,Custodians/Tom_Reyes/EMAIL-235_RE_ Mountain Ridge survey scheduling.eml
EMAIL-236,Elena Marlowe,05/09/2023,13:20:00 PDT,Elena Marlowe <emarlowe@cascadetimber.com>,Robert Denniston <rdenniston@cascadetimber.com>,,Mountain Ridge — investor question,Not Responsive,No,No,,<email236.202305091320@cascadetimber.com>,Custodians/Elena_Marlowe/EMAIL-236_Mountain Ridge _ investor question.eml
EMAIL-237,Elena Marlowe,05/10/2023,08:50:00 PDT,Robert Denniston <rdenniston@cascadetimber.com>,Elena Marlowe <emarlowe@cascadetimber.com>,,RE: Mountain Ridge — investor question,Not Responsive,No,No,,<email237.202305100850@cascadetimber.com>,Custodians/Elena_Marlowe/EMAIL-237_RE_ Mountain Ridge _ investor question.eml
EMAIL-238,Dan Osei,11/09/2022,15:30:00 PST,Dan Osei <dosei@cascadetimber.com>,Tom Reyes <treyes@alderpointpartners.com>,,Fantasy football — week 10,Not Responsive,No,No,,<email238.202211091530@cascadetimber.com>,Custodians/Dan_Osei/EMAIL-238_Fantasy football _ week 10.eml
EMAIL-239,Wendy Park,03/10/2023,11:45:00 PST,Wendy Park <wpark@cascadetimber.com>,Dan Osei <dosei@cascadetimber.com>,,Team lunch Friday?,Not Responsive,No,No,,<email239.202303101145@cascadetimber.com>,Custodians/Wendy_Park/EMAIL-239_Team lunch Friday_.eml
EMAIL-240,Hannah Cole,04/21/2023,10:05:00 PDT,Hannah Cole <hcole@cascadetimber.com>,Sarah Nguyen <snguyen@cascadetimber.com>,,Congrats on the compliance award!,Not Responsive,No,No,,<email240.202304211005@cascadetimber.com>,Custodians/Hannah_Cole/EMAIL-240_Congrats on the compliance award_.eml
EMAIL-241,Priya Shah,09/14/2022,16:20:00 PDT,Priya Shah <pshah@alderpointpartners.com>,Nina Alvarez <nalvarez@alderpointpartners.com>,,Book club picks,Not Responsive,No,No,,<email241.202209141620@alderpointpartners.com>,Custodians/Priya_Shah/EMAIL-241_Book club picks.eml
EMAIL-242,Tom Reyes,01/25/2023,09:40:00 PST,Tom Reyes <treyes@alderpointpartners.com>,Jay Whitfield <jwhitfield@alderpointpartners.com>,,Coffee machine broken again,Not Responsive,No,No,,<email242.202301250940@alderpointpartners.com>,Custodians/Tom_Reyes/EMAIL-242_Coffee machine broken again.eml
EMAIL-243,Alan Brooks,05/02/2023,08:35:00 PDT,Mia Chen <mchen@llassociates.com>,Alan Brooks <abrooks@llassociates.com>,,Carpool to the office?,Not Responsive,No,No,,<email243.202305020835@llassociates.com>,Custodians/Alan_Brooks/EMAIL-243_Carpool to the office_.eml
EMAIL-244,Priya Shah,06/22/2023,15:50:00 PDT,Nina Alvarez <nalvarez@alderpointpartners.com>,Priya Shah <pshah@alderpointpartners.com>,,Happy hour Thursday,Not Responsive,No,No,,<email244.202306221550@alderpointpartners.com>,Custodians/Priya_Shah/EMAIL-244_Happy hour Thursday.eml
EMAIL-245,Sarah Nguyen,08/24/2022,12:10:00 PDT,Sarah Nguyen <snguyen@cascadetimber.com>,Wendy Park <wpark@cascadetimber.com>,,Dog sitter recommendations?,Not Responsive,No,No,,<email245.202208241210@cascadetimber.com>,Custodians/Sarah_Nguyen/EMAIL-245_Dog sitter recommendations_.eml
EMAIL-246,Robert Denniston,03/16/2023,13:00:00 PDT,Craig Sato <csato@cascadetimber.com>,Robert Denniston <rdenniston@cascadetimber.com>,,March Madness bracket,Not Responsive,No,No,,<email246.202303161300@cascadetimber.com>,Custodians/Robert_Denniston/EMAIL-246_March Madness bracket.eml
EMAIL-247,Derek Holt,07/15/2022,14:30:00 MDT,Derek Holt <dholt@bellhavenadvisory.com>,Renee Ford <rford@bellhavenadvisory.com>,,Weekend hiking plans,Not Responsive,No,No,,<email247.202207151430@bellhavenadvisory.com>,Custodians/Derek_Holt/EMAIL-247_Weekend hiking plans.eml
EMAIL-248,Facilities,06/12/2023,08:30:00 PDT,Facilities <facilities@cascadetimber.com>,All Staff <allstaff@cascadetimber.com>,,Parking Garage Resurfacing — Level B,Not Responsive,No,No,,<email248.202306120830@cascadetimber.com>,Custodians/Facilities/EMAIL-248_Parking Garage Resurfacing _ Level B.eml
EMAIL-249,IT Notifications,07/25/2023,08:00:00 PDT,IT Notifications <it-notifications@cascadetimber.com>,All Staff <allstaff@cascadetimber.com>,,Quarterly Phishing Test Results,Not Responsive,No,No,,<email249.202307250800@cascadetimber.com>,Custodians/IT_Notifications/EMAIL-249_Quarterly Phishing Test Results.eml
EMAIL-250,HR,05/16/2022,09:00:00 PDT,HR <hr@alderpointpartners.com>,All Staff <allstaff@alderpointpartners.com>,,Welcome Our New Marketing Coordinator,Not Responsive,No,No,,<email250.202205160900@alderpointpartners.com>,Custodians/HR/EMAIL-250_Welcome Our New Marketing Coordinator.eml
