document_id,custodian,seed_tag,privileged
EMAIL-001,Priya Shah,Routine,
EMAIL-002,Elena Marlowe,Key Stakeholder Comms,
EMAIL-003,Tom Reyes,Knowledge/Scienter,
EMAIL-004,Sarah Nguyen,Knowledge/Scienter,
EMAIL-005,John Ellery,Privileged Legal Advice,Yes
EMAIL-006,Priya Shah,Red Flag,
EMAIL-007,Jay Whitfield,Red Flag,
EMAIL-008,Tom Reyes,Routine,
EMAIL-009,Derek Holt,Red Flag,
EMAIL-010,Tom Reyes,Due Diligence Failure,
EMAIL-011,Priya Shah,Due Diligence Failure,
EMAIL-012,John Ellery,Privileged Legal Advice,Yes
EMAIL-013,Elena Marlowe,Key Stakeholder Comms,
EMAIL-014,Robert Denniston,Due Diligence Failure,
EMAIL-015,Tom Reyes,Knowledge/Scienter,
EMAIL-016,Priya Shah,Due Diligence Failure,
EMAIL-017,Jay Whitfield,Red Flag,
EMAIL-018,Priya Shah,Due Diligence Failure,
EMAIL-019,Sarah Nguyen,Chronology Key Event,
EMAIL-020,John Ellery,Privileged Legal Advice,Yes
EMAIL-021,John Ellery,Privileged Legal Advice,Yes
EMAIL-022,Grace Lin,Privileged Legal Advice,Yes
EMAIL-023,John Ellery,Chronology Key Event,
EMAIL-024,John Ellery,Chronology Key Event,
EMAIL-025,Priya Shah,Routine,
EMAIL-026,Robert Denniston,Key Stakeholder Comms,
EMAIL-027,John Ellery,Key Stakeholder Comms,
EMAIL-028,Tom Reyes,Knowledge/Scienter,
EMAIL-029,Derek Holt,Routine,
EMAIL-030,Elena Marlowe,Key Stakeholder Comms,
EMAIL-031,Elena Marlowe,Routine,
EMAIL-032,Robert Denniston,Key Stakeholder Comms,
EMAIL-033,Priya Shah,Routine,
EMAIL-034,John Ellery,Privileged Legal Advice,Yes
EMAIL-035,Elena Marlowe,Routine,
EMAIL-036,Tom Reyes,Routine,
EMAIL-037,Nina Alvarez,Knowledge/Scienter,
EMAIL-038,Tom Reyes,Knowledge/Scienter,
EMAIL-039,Tom Reyes,Knowledge/Scienter,
EMAIL-040,Sarah Nguyen,Privileged Legal Advice,Yes
EMAIL-041,Derek Holt,Red Flag,
EMAIL-042,Derek Holt,Due Diligence Failure,
EMAIL-043,Derek Holt,Due Diligence Failure,
EMAIL-044,Tom Reyes,Due Diligence Failure,
EMAIL-045,Derek Holt,Routine,
EMAIL-046,Sarah Nguyen,Chronology Key Event,
EMAIL-047,John Ellery,Privileged Legal Advice,Yes
EMAIL-048,John Ellery,Privileged Legal Advice,Yes
EMAIL-049,John Ellery,Privileged Legal Advice,Yes
EMAIL-050,Grace Lin,Privileged Legal Advice,Yes
EMAIL-051,John Ellery,Privileged Legal Advice,Yes
EMAIL-052,Elena Marlowe,Key Stakeholder Comms,
EMAIL-053,Elena Marlowe,Key Stakeholder Comms,
EMAIL-054,John Ellery,Privileged Legal Advice,Yes
EMAIL-055,Grace Lin,Privileged Legal Advice,Yes
EMAIL-056,John Ellery,Routine,
EMAIL-057,John Ellery,Routine,
EMAIL-058,Dan Osei,Routine,
EMAIL-059,Dan Osei,Routine,
EMAIL-060,Dan Osei,Chronology Key Event,
EMAIL-061,John Ellery,Routine,
EMAIL-062,John Ellery,Routine,
EMAIL-063,Grace Lin,Privileged Legal Advice,Yes
EMAIL-064,Alan Brooks,Privileged Legal Advice,Yes
EMAIL-065,John Ellery,Privileged Legal Advice,Yes
EMAIL-066,Elena Marlowe,Key Stakeholder Comms,
EMAIL-067,Elena Marlowe,Key Stakeholder Comms,
EMAIL-068,Elena Marlowe,Key Stakeholder Comms,
EMAIL-069,Priya Shah,Routine,
EMAIL-070,Derek Holt,Due Diligence Failure,
EMAIL-071,Robert Denniston,Key Stakeholder Comms,
EMAIL-072,Robert Denniston,Not Responsive,
EMAIL-073,Priya Shah,Not Responsive,
EMAIL-074,Elena Marlowe,Not Responsive,
EMAIL-075,John Ellery,Privileged Legal Advice,Yes
EMAIL-076,Elena Marlowe,Key Stakeholder Comms,
EMAIL-077,Tom Reyes,Not Responsive,
EMAIL-078,Priya Shah,Not Responsive,
EMAIL-079,Sarah Nguyen,Not Responsive,
EMAIL-080,Derek Holt,Not Responsive,
EMAIL-081,Grace Lin,Not Responsive,
EMAIL-082,Jay Whitfield,Not Responsive,
EMAIL-083,IT Notifications,Not Responsive,
EMAIL-084,IT Notifications,Not Responsive,
EMAIL-085,IT Notifications,Not Responsive,
EMAIL-086,IT Notifications,Not Responsive,
EMAIL-087,Human Resources,Not Responsive,
EMAIL-088,Human Resources,Not Responsive,
EMAIL-089,HR,Not Responsive,
EMAIL-090,Human Resources,Not Responsive,
EMAIL-091,Tom Reyes,Not Responsive,
EMAIL-092,Elena Marlowe,Not Responsive,
EMAIL-093,Robert Denniston,Not Responsive,
EMAIL-094,Sarah Nguyen,Not Responsive,
EMAIL-095,Tom Reyes,Not Responsive,
EMAIL-096,Priya Shah,Not Responsive,
EMAIL-097,Jay Whitfield,Not Responsive,
EMAIL-098,Elena Marlowe,Not Responsive,
EMAIL-099,Priya Shah,Not Responsive,
EMAIL-100,Tom Reyes,Not Responsive,
EMAIL-101,Tom Reyes,Not Responsive,
EMAIL-102,Jay Whitfield,Not Responsive,
EMAIL-103,Elena Marlowe,Not Responsive,
EMAIL-104,Derek Holt,Not Responsive,
EMAIL-105,Sarah Nguyen,Not Responsive,
EMAIL-106,Priya Shah,Not Responsive,
EMAIL-107,Facilities,Not Responsive,
EMAIL-108,Grace Lin,Not Responsive,
EMAIL-109,Tom Reyes,Not Responsive,
EMAIL-110,Wendy Park,Not Responsive,
EMAIL-111,Elena Marlowe,Not Responsive,
EMAIL-112,Elena Marlowe,Not Responsive,
EMAIL-113,Tom Reyes,Routine,
EMAIL-114,Priya Shah,Routine,
EMAIL-115,Tom Reyes,Knowledge/Scienter,
EMAIL-116,Jay Whitfield,Routine,
EMAIL-117,Tom Reyes,Not Responsive,
EMAIL-118,John Ellery,Privileged Legal Advice,Yes
EMAIL-119,Elena Marlowe,Privileged Legal Advice,Yes
EMAIL-120,Hannah Cole,Privileged Legal Advice,Yes
EMAIL-121,Hannah Cole,Privileged Legal Advice,Yes
EMAIL-122,John Ellery,Privileged Legal Advice,Yes
EMAIL-123,John Ellery,Routine,
EMAIL-124,Wendy Park,Routine,
EMAIL-125,Dan Osei,Not Responsive,
EMAIL-126,John Ellery,Not Responsive,
EMAIL-127,Grace Lin,Privileged Work Product,Yes
EMAIL-128,Grace Lin,Privileged Work Product,Yes
EMAIL-129,Alan Brooks,Privileged Work Product,Yes
EMAIL-130,Alan Brooks,Privileged Work Product,Yes
EMAIL-131,Wendy Park,Routine,
EMAIL-132,Elena Marlowe,Routine,
EMAIL-133,Wendy Park,Routine,
EMAIL-134,Alan Brooks,Privileged Work Product,Yes
EMAIL-135,Alan Brooks,Privileged Work Product,Yes
EMAIL-136,Grace Lin,Privileged Work Product,Yes
EMAIL-137,Grace Lin,Privileged Legal Advice,Yes
EMAIL-138,Grace Lin,Privileged Legal Advice,Yes
EMAIL-139,Alan Brooks,Privileged Legal Advice,Yes
EMAIL-140,Grace Lin,Privileged Legal Advice,Yes
EMAIL-141,John Ellery,Privileged Legal Advice,Yes
EMAIL-142,Craig Sato,Routine,
EMAIL-143,Craig Sato,Routine,
EMAIL-144,Craig Sato,Routine,
EMAIL-145,John Ellery,Routine,
EMAIL-146,John Ellery,Privileged Legal Advice,Yes
EMAIL-147,John Ellery,Privileged Legal Advice,Yes
EMAIL-148,Frank Delgado,Key Stakeholder Comms,
EMAIL-149,Frank Delgado,Key Stakeholder Comms,
EMAIL-150,Priya Shah,Routine,
EMAIL-151,John Ellery,Routine,
EMAIL-152,Dan Osei,Not Responsive,
EMAIL-153,John Ellery,Routine,
EMAIL-154,Sarah Nguyen,Routine,
EMAIL-155,John Ellery,Routine,
EMAIL-156,John Ellery,Routine,
EMAIL-157,Sarah Nguyen,Routine,
EMAIL-158,John Ellery,Routine,
EMAIL-159,John Ellery,Routine,
EMAIL-160,John Ellery,Routine,
EMAIL-161,John Ellery,Routine,
EMAIL-162,John Ellery,Routine,
EMAIL-163,John Ellery,Routine,
EMAIL-164,John Ellery,Routine,
EMAIL-165,Sarah Nguyen,Routine,
EMAIL-166,Sarah Nguyen,Routine,
EMAIL-167,Elena Marlowe,Privileged Legal Advice,Yes
EMAIL-168,John Ellery,Privileged Legal Advice,Yes
EMAIL-169,Elena Marlowe,Privileged Legal Advice,Yes
EMAIL-170,John Ellery,Privileged Legal Advice,Yes
EMAIL-171,Elena Marlowe,Privileged Legal Advice,Yes
EMAIL-172,John Ellery,Privileged Legal Advice,Yes
EMAIL-173,Priya Shah,Routine,
EMAIL-174,Jay Whitfield,Routine,
EMAIL-175,Tom Reyes,Routine,
EMAIL-176,Nina Alvarez,Routine,
EMAIL-177,Derek Holt,Routine,
EMAIL-178,Derek Holt,Routine,
EMAIL-179,Tom Reyes,Routine,
EMAIL-180,Tom Reyes,Routine,
EMAIL-181,Derek Holt,Routine,
EMAIL-182,Derek Holt,Routine,
EMAIL-183,Priya Shah,Routine,
EMAIL-184,Tom Reyes,Red Flag,
EMAIL-185,Elena Marlowe,Routine,
EMAIL-186,Elena Marlowe,Routine,
EMAIL-187,Robert Denniston,Routine,
EMAIL-188,Craig Sato,Routine,
EMAIL-189,Elena Marlowe,Key Stakeholder Comms,
EMAIL-190,Elena Marlowe,Key Stakeholder Comms,
EMAIL-191,Priya Shah,Knowledge/Scienter,
EMAIL-192,Priya Shah,Due Diligence Failure,
EMAIL-193,Elena Marlowe,Key Stakeholder Comms,
EMAIL-194,Elena Marlowe,Key Stakeholder Comms,
EMAIL-195,Derek Holt,Routine,
EMAIL-196,Derek Holt,Routine,
EMAIL-197,Nina Alvarez,Routine,
EMAIL-198,Nina Alvarez,Routine,
EMAIL-199,Elena Marlowe,Key Stakeholder Comms,
EMAIL-200,Elena Marlowe,Key Stakeholder Comms,
EMAIL-201,Robert Denniston,Key Stakeholder Comms,
EMAIL-202,Robert Denniston,Key Stakeholder Comms,
EMAIL-203,John Ellery,Routine,
EMAIL-204,Robert Denniston,Key Stakeholder Comms,
EMAIL-205,Robert Denniston,Key Stakeholder Comms,
EMAIL-206,Wendy Park,Routine,
EMAIL-207,Wendy Park,Routine,
EMAIL-208,John Ellery,Routine,
EMAIL-209,John Ellery,Routine,
EMAIL-210,Sarah Nguyen,Routine,
EMAIL-211,Sarah Nguyen,Routine,
EMAIL-212,Robert Denniston,Not Responsive,
EMAIL-213,Priya Shah,Not Responsive,
EMAIL-214,Sarah Nguyen,Not Responsive,
EMAIL-215,Wendy Park,Not Responsive,
EMAIL-216,Derek Holt,Not Responsive,
EMAIL-217,Elena Marlowe,Not Responsive,
EMAIL-218,Robert Denniston,Not Responsive,
EMAIL-219,Elena Marlowe,Not Responsive,
EMAIL-220,IT Notifications,Not Responsive,
EMAIL-221,IT Notifications,Not Responsive,
EMAIL-222,IT Notifications,Not Responsive,
EMAIL-223,IT Notifications,Not Responsive,
EMAIL-224,Human Resources,Not Responsive,
EMAIL-225,Human Resources,Not Responsive,
EMAIL-226,Human Resources,Not Responsive,
EMAIL-227,Human Resources,Not Responsive,
EMAIL-228,Robert Denniston,Not Responsive,
EMAIL-229,Frank Delgado,Not Responsive,
EMAIL-230,Elena Marlowe,Not Responsive,
EMAIL-231,Dan Osei,Not Responsive,
EMAIL-232,Jay Whitfield,Not Responsive,
EMAIL-233,Nina Alvarez,Not Responsive,
EMAIL-234,Tom Reyes,Not Responsive,
EMAIL-235,Tom Reyes,Not Responsive,
EMAIL-236,Elena Marlowe,Not Responsive,
EMAIL-237,Elena Marlowe,Not Responsive,
EMAIL-238,Dan Osei,Not Responsive,
EMAIL-239,Wendy Park,Not Responsive,
EMAIL-240,Hannah Cole,Not Responsive,
EMAIL-241,Priya Shah,Not Responsive,
EMAIL-242,Tom Reyes,Not Responsive,
EMAIL-243,Alan Brooks,Not Responsive,
EMAIL-244,Priya Shah,Not Responsive,
EMAIL-245,Sarah Nguyen,Not Responsive,
EMAIL-246,Robert Denniston,Not Responsive,
EMAIL-247,Derek Holt,Not Responsive,
EMAIL-248,Facilities,Not Responsive,
EMAIL-249,IT Notifications,Not Responsive,
EMAIL-250,HR,Not Responsive,
